Transphotographiques ,Lille,Boulogne-sur-Mer,Adolf Hitler
Diaminopimelate decarboxylase ,BRENDA,Braunschweig,Adolf Hitler
Gutman ,Alberto Gutman,Republican Party (United States),Adolf Hitler
Susan L. Talbott ,Wadsworth Atheneum,Modernism,Adolf Hitler
José del Carmen Lugo ,Californio,Islam in the United States,Adolf Hitler
Harun Rashid Khan ,Reserve Bank of India,Bank for International Settlements,Adolf Hitler
West Tanjung Jabung Regency ,List of regencies and cities of Indonesia,Free imperial city,Adolf Hitler
Robert Goodwill ,The Right Honourable,George V,Adolf Hitler
Wael Abbas ,Egypt,Ali Abdel Aal,Adolf Hitler
Holland Bloorview Kids Rehabilitation Hospital ,Toronto,Broadcast network,Adolf Hitler
Milan Kný ,Czechoslovakia,Adolf Hitler
Special Life! ,Single (music),Hip hop music,Adolf Hitler
1960 All-Southwest Conference football team ,American football,BBC News,Adolf Hitler
Kesava Reddy ,Telangana,Head of state,Adolf Hitler
Hildegard of the Vinzgau ,Thionville,Mainz,Adolf Hitler
Karl Birkenstock ,Twenty20 International,Daily Mail,Adolf Hitler
Bad Girl (Beast song) ,Single (music),Hip hop music,Adolf Hitler
Liangtian Township ,Guangdong,Deng Xiaoping,Adolf Hitler
"Królikowo, Warmian-Masurian Voivodeship ",Poland,Adolf Hitler
I'm Falling ,Single (music),Hip hop music,Adolf Hitler
Teliapsocus ,Taxonomy (biology),Objections to evolution,Adolf Hitler
Nagtglas's African dormouse ,Taxonomy (biology),Objections to evolution,Adolf Hitler
Longwave (band) ,Longwave,Germany,Adolf Hitler
Zor Baarin ,Syria,Mandatory Syrian Republic,Adolf Hitler
Urutaí ,List of sovereign states,Commonwealth realm,Adolf Hitler
Ultrasauripus ,Dinosaur,Europe,Adolf Hitler
38 Parrots ,Soyuzmultfilm,Russia,Adolf Hitler
Joe Marler ,Eastbourne,Battle of France,Adolf Hitler
East Asia–United States relations ,East Asia,Empire of Japan,Adolf Hitler
2013 Asian Development Tour ,Official World Golf Ranking,Germany,Adolf Hitler
Xanthidae ,Taxonomy (biology),Objections to evolution,Adolf Hitler
National symbols of Turkmenistan ,Constitution of Turkmenistan,Self-determination,Adolf Hitler
List of Bullfrog Productions games ,Video game developer,Entertainment,Adolf Hitler
Verendrye National Monument ,North Dakota,Republican Party (United States),Adolf Hitler
Terry Duggan ,Hoxton,Satire,Adolf Hitler
Milton Faver ,"Presidio County, Texas",Barack Obama,Adolf Hitler
Congenital rubella syndrome ,Specialty (medicine),American Medical Association,Adolf Hitler
Balloch Castle ,Taymouth Castle,South Tyrol,Adolf Hitler
George Gater ,Brigadier (United Kingdom),British Armed Forces,Adolf Hitler
Hay baronets ,Nova Scotia,UNESCO,Adolf Hitler
Kimsa Qaqa ,Summit,Mount Elbrus,Adolf Hitler
Acacia beckleri ,Taxonomy (biology),Objections to evolution,Adolf Hitler
Frank Farrar (cricketer) ,Cricket,World War I,Adolf Hitler
2001 Campeonato Carioca ,Botafogo de Futebol e Regatas,Donald Duck,Adolf Hitler
Pietro Balbi ,Pisa,Kingdom of Italy,Adolf Hitler
Saint Joseph's College (Indiana) ,Missionaries of the Precious Blood,Bavaria,Adolf Hitler
1969 CFL season ,Saskatchewan Roughriders,World War I,Adolf Hitler
Robin Chase ,Wellesley College,Madeleine Albright,Adolf Hitler
Minister for Health (Ireland) ,Government of Ireland,Head of government,Adolf Hitler
Yoji Shinkawa ,Hiroshima,Empire of Japan,Adolf Hitler
Robbie Middleton ,Texas,Republican Party (United States),Adolf Hitler
Cotalpa subcribrata ,Taxonomy (biology),Objections to evolution,Adolf Hitler
OTO Melara ,La Spezia,Germany,Adolf Hitler
Elly Hakami ,Tennis,Europe,Adolf Hitler
Mohammad Mofatteh ,Shahid,Ruhollah Khomeini,Adolf Hitler
Bogusław Wolniewicz ,Warsaw,Adolf Hitler
Chapada dos Guimarães ,List of sovereign states,Commonwealth realm,Adolf Hitler
Idflieg ,German Empire,Adolf Hitler
Luanda Agreement ,Uganda,Head of state,Adolf Hitler
Uafato ,Samoa,German Empire,Adolf Hitler
Nagasaki Kaidō ,National Diet Library,World War II,Adolf Hitler
Sunburn (TV series) ,Mike Bullen,Rik Mayall,Adolf Hitler
CAV High School ,Hisar (city),Aryan,Adolf Hitler
Kevin Lin ,Chinese name,Mao Zedong,Adolf Hitler
Lukáš Špelda ,Czech Extraliga,Czech Republic,Adolf Hitler
Lucius Varius Rufus ,Latin,Liceo classico,Adolf Hitler
Cornelis Jol ,Scheveningen,Germany,Adolf Hitler
Mohd Rizal Tisin ,Selangor,Empire of Japan,Adolf Hitler
Yanuka ,Bulgarian language,Greece,Adolf Hitler
Malage de Lugendo ,Democratic Republic of the Congo,Dictatorship,Adolf Hitler
NOT POSSIBLE,C28H38O7 
Hawke's Bay Herald-Tribune ,New Zealand,Head of state,Adolf Hitler
Soul Call ,Album,Hip hop music,Adolf Hitler
Ein Sommer in Paris ,Pasquale Aleardi,Bertolt Brecht,Adolf Hitler
1991–92 FIS Ski Jumping Europa (Continental) Cup ,Austria,Adolf Hitler
OpenOCD ,Operating system,Eric Trist,Adolf Hitler
Frank Fields ,Double bass,Richard Wagner,Adolf Hitler
Tirpitz Plan ,Royal Navy,British Armed Forces,Adolf Hitler
Ceralocyna aliciae ,Taxonomy (biology),Objections to evolution,Adolf Hitler
Jessica Malagón Moreno ,Spanish naming customs,Citizenship,Adolf Hitler
Blossom Rock ,Jeanette MacDonald,Ramsay MacDonald,Adolf Hitler
Arsen Mustapayev ,Goalkeeper (association football),Austria national football team,Adolf Hitler
2013 WAFL Grand Final ,East Perth Football Club,World War I,Adolf Hitler
Robert McConnell (educator) ,Canada,Federalism,Adolf Hitler
Bhanwar Tonk ,South Eastern and Chatham Railway,World War I,Adolf Hitler
Twist of Fate (film) ,Maxwell Setton,The Man Who Never Was,Adolf Hitler
Involuntary Medication Objectors (Vaccination/Fluoride) Party ,New South Wales,Great Depression,Adolf Hitler
Traudl Weber ,Germany,Adolf Hitler
Rough Tor ,Cornwall,Richard Wagner,Adolf Hitler
Their name liveth for evermore ,Stone of Remembrance,World War I,Adolf Hitler
United to Advance ,List of political ideologies,Adolf Hitler
Zevegiin Oidov ,Mongolian name,Joseph Stalin,Adolf Hitler
Gabiadji ,Ivory Coast,Alsace-Lorraine,Adolf Hitler
"Philomath, Oregon ",City,Citizenship,Adolf Hitler
Alan Gogayev ,Russia,Adolf Hitler
Joseph Biles Anthony ,Joseph Anthony,World War II,Adolf Hitler
Mole map (chemistry) ,Chemistry,Astrology,Adolf Hitler
Romualdo Dantas ,Brazil,Federalism,Adolf Hitler
Eurytela alinda ,Adalbert Seitz,Mainz,Adolf Hitler
Lonely City ,Album,Hip hop music,Adolf Hitler
John Kearney (soldier) ,Fenian dynamite campaign,Tower of London,Adolf Hitler
List of fellows of the Royal Society elected in 1792 ,"George Macartney, 1st Earl Macartney",Russia,Adolf Hitler
721 series ,Hitachi,Korean War,Adolf Hitler
WYBK ,City of license,CBS,Adolf Hitler
"Ishgah, Rudboneh ",Iran,Authoritarianism,Adolf Hitler
Church of the Deposition of the Robe ,Russian language,Russia,Adolf Hitler
Monterey Peninsula Country Club ,"Pebble Beach, California",Peter Ueberroth,Adolf Hitler
La Gallega ,List of sovereign states,Commonwealth realm,Adolf Hitler
Confédération africaine des travailleurs croyants (French West Africa and Togo) ,Trade union,Otto von Bismarck,Adolf Hitler
Skrbek ,Oto Skrbek,Czechoslovakia,Adolf Hitler
Punjabi kabaddi ,Kabaddi,1936 Summer Olympics,Adolf Hitler
Peyvand-e Kohneh ,Iran,Authoritarianism,Adolf Hitler
Zjef Vanuytsel ,Folk music,World War II,Adolf Hitler
Uncharted 3: Drake's Deception ,Video game developer,Entertainment,Adolf Hitler
2001: Do Hazaar Ek ,Rajat Bedi,Entrepreneurship,Adolf Hitler
"Pensaukee (community), Wisconsin ",Unincorporated area,Bavaria,Adolf Hitler
Bäch railway station ,Freienbach,UNESCO,Adolf Hitler
South Wales Socialist Society ,Wales,Europe,Adolf Hitler
Cambridge University Amateur Boxing Club ,Boxing,Sport,Adolf Hitler
Anglian College London ,London,Summer Olympic Games,Adolf Hitler
Puerto Rico Highway 16 ,Fernando Luis Ribas Dominicci Airport,World War II,Adolf Hitler
Edward J. Ruppelt ,Iowa,Republican Party (United States),Adolf Hitler
PicSat ,Planetary science,Melancholia (2011 film),Adolf Hitler
"Edgeville, North Carolina ","Guilford County, North Carolina",American Nazi Party,Adolf Hitler
Gairdoch F.C. ,Scotland,Europe,Adolf Hitler
Harold William Swithinbank ,Society of Antiquaries of London,World War II,Adolf Hitler
"Litchfield, New York ",List of sovereign states,Commonwealth realm,Adolf Hitler
Asaccus elisae ,Taxonomy (biology),Objections to evolution,Adolf Hitler
Synersaga bleszynskii ,Taxonomy (biology),Objections to evolution,Adolf Hitler
"Goose Creek, Kentucky ",List of sovereign states,Commonwealth realm,Adolf Hitler
San Lucas Tolimán ,Guatemala,Adolf Hitler
Brachylia eberti ,Taxonomy (biology),Objections to evolution,Adolf Hitler
Jamie Silva ,Boston College Eagles football,CBS,Adolf Hitler
Magne Budho ,Human,Carl Linnaeus,Adolf Hitler
Nyai Roro Kidul ,Indian Ocean,Greece,Adolf Hitler
Young Liberals (Switzerland) ,Bern,Free imperial city,Adolf Hitler
Maslacq ,Communes of France,Germany,Adolf Hitler
Politics of Rhodesia ,Rhodesia,Cold War,Adolf Hitler
2016–17 Albany Great Danes men's basketball team ,"University at Albany, SUNY",Documentary film,Adolf Hitler
Szczerków ,Poland,Adolf Hitler
SUDS3 ,Gene nomenclature,Acronym,Adolf Hitler
Mont Tremblant Resort ,Quebec,Anticosti Island,Adolf Hitler
Jessica Canseco ,United States,Islam in the United States,Adolf Hitler
Reach Me ,John Herzfeld,Inside the Third Reich (film),Adolf Hitler
Lost Boy (MyChildren MyBride album) ,Album,Hip hop music,Adolf Hitler
Solomon Receiving the Queen of Sheba ,Museum of Fine Arts of Lyon,Warsaw,Adolf Hitler
Jane Espenson ,MCM London Comic Con,Rooster Teeth,Adolf Hitler
aTyr Pharma ,Ticker symbol,Daimler AG,Adolf Hitler
József Mogyorósi ,Budapest,Austria-Hungary,Adolf Hitler
Oliver Vardy ,"Albany, New York",Republican Party (United States),Adolf Hitler
List of wins by Sky Professional Racing and its successors ,Team Ineos,Alps,Adolf Hitler
International Delight ,Coffee,Greece,Adolf Hitler
List of fictional galactic communities ,Mythology of Stargate,Parody,Adolf Hitler
Diyalog TheaterFest ,Talk:Diyalog TheaterFest,Germany,Adolf Hitler
Spanioptila eucnemis ,Taxonomy (biology),Objections to evolution,Adolf Hitler
Paka Chuku ,Summit,Mount Elbrus,Adolf Hitler
Voghjaberd ,Armenia,World War I,Adolf Hitler
Piernas de Seda ,Comedy film,Charlie Chaplin,Adolf Hitler
Krasnoturyinsk ,Russia,Adolf Hitler
Geoff Emerick ,Crouch End,Highgate,Adolf Hitler
Francis Wolle ,Pennsylvania,Republican Party (United States),Adolf Hitler
Muon (band) ,Experimental music,Dada,Adolf Hitler
Yuta Someya ,Tokyo,World War II,Adolf Hitler
Kungyangon Township ,Yangon Region,World War I,Adolf Hitler
"Lalli, Rapla County ",Estonia,Europe,Adolf Hitler
Longhai City ,Fujian,World War II,Adolf Hitler
United States Geological Survey ,United States,Islam in the United States,Adolf Hitler
1911 Mercer Baptists football team ,Southern Intercollegiate Athletic Association,World War II,Adolf Hitler
Columbite ,Iron,Robert Burns Woodward,Adolf Hitler
Paolo Carnera ,Venice,Kingdom of Italy,Adolf Hitler
Migdale Hoard ,Bronze Age,Astrology,Adolf Hitler
Stenoptilia coenei ,Taxonomy (biology),Objections to evolution,Adolf Hitler
Radošovice (Strakonice District) ,Czech Republic,Adolf Hitler
Cortambert ,France,Europe,Adolf Hitler
Murkha Nayanar ,Hinduism,Persecution of Hindus,Adolf Hitler
"Shah Nawaz Khan, Punjab ",Districts of Pakistan,Germany,Adolf Hitler
Baazigar ,Javed Siddiqui,Bertolt Brecht,Adolf Hitler
Aleksei Zarubin ,Midfielder,Right-wing politics,Adolf Hitler
True Pinball ,Video game developer,Entertainment,Adolf Hitler
Badminton at the 2014 Summer Youth Olympics – Boys' singles ,2014 Summer Youth Olympics,List of people who have opened the Olympic Games,Adolf Hitler
Vitali Koval ,Perm,Russia,Adolf Hitler
Cloth merchant ,Brooklyn Museum,Star Wars,Adolf Hitler
Professional Golf Tour of India ,Golf,Sport,Adolf Hitler
NGC 426 ,Constellation,Astrology,Adolf Hitler
Richard McNally ,Detroit,UNESCO,Adolf Hitler
Thamnodynastes chimanta ,Taxonomy (biology),Objections to evolution,Adolf Hitler
1987–88 Liga Bet ,Liga Bet,Europe,Adolf Hitler
Niewerth Building ,"Carroll County, Indiana",Republican Party (United States),Adolf Hitler
Herbert Friedmann ,Ornithology,Carl Linnaeus,Adolf Hitler
European Legions ,Compilation album,Hip hop music,Adolf Hitler
2009 World Artistic Gymnastics Championships ,The O2 Arena,10 Downing Street,Adolf Hitler
Bendebembli ,India,Federalism,Adolf Hitler
Rampart Airport ,Federal Aviation Administration,Franklin D. Roosevelt,Adolf Hitler
National Institute of Mass Communication ,Dhaka,World War II,Adolf Hitler
1980 Virginia Tech Gobblers football team ,Lane Stadium,CBS,Adolf Hitler
P. H. Weathers ,"Jackson, Mississippi",Great Depression,Adolf Hitler
Fading Days ,Extended play,Arturo Toscanini,Adolf Hitler
"Stones Landing, California ",Unincorporated area,Bavaria,Adolf Hitler
Sergei Gennadyevich Yegorov ,Borovichi,Russia,Adolf Hitler
Lu Guangqi ,Courtesy name,Chiang Kai-shek,Adolf Hitler
Karate at the 2002 Central American and Caribbean Games ,Karate,Empire of Japan,Adolf Hitler
Preening (bird) ,Red lory,Carl Linnaeus,Adolf Hitler
Atia of the Julii ,Rome (TV series),David Bamber,Adolf Hitler
Jean-Paul Turcaud ,France,Europe,Adolf Hitler
Turn Up the Quiet World Tour ,Wallflower World Tour,Hamburg,Adolf Hitler
"Indian Institute of Information Technology, Dharwad ",Karnataka,Europe,Adolf Hitler
Cong (vessel) ,Liangzhu culture,UNESCO,Adolf Hitler
Ischnaspis ,Taxonomy (biology),Objections to evolution,Adolf Hitler
The Rocket Company ,Science fiction,Parallel universes in fiction,Adolf Hitler
Tolombeh-ye Chah Deraz-e Seh ,Iran,Authoritarianism,Adolf Hitler
Chislehurst School for Girls ,Chislehurst,World War II,Adolf Hitler
Diltiazem ,Drug nomenclature,Phenobarbital,Adolf Hitler
Håkon Storm-Mathisen ,Oslo,Copenhagen,Adolf Hitler
Brinnington and Central (Stockport electoral ward) ,Countries of the United Kingdom,Nationalism,Adolf Hitler
Hello Bitches Tour ,CL (singer),Hip hop music,Adolf Hitler
Kosuke Saito (footballer) ,Yokohama,Korean War,Adolf Hitler
Civil Aviation Authority of Zimbabwe ,Zimbabwe,Cecil Rhodes,Adolf Hitler
"Meenmutty Falls, Wayanad ",Kalpetta,Mahatma Gandhi,Adolf Hitler
Mike Wingate Gray ,United Kingdom,Europe,Adolf Hitler
Bykhovets ,Surname,Greece,Adolf Hitler
Aamer Khurshid ,Karachi,1921,Adolf Hitler
Tamar River ,River Tamar,UNESCO,Adolf Hitler
List of World Swimming Championships (25 m) medalists (women) ,FINA World Swimming Championships (25 m),Greece,Adolf Hitler
Bill Whalen ,Chicago,Europe,Adolf Hitler
Hero Ignitor ,Brake,World War II,Adolf Hitler
Abdul Zahir ,Given name,John F. Kennedy,Adolf Hitler
List of Brazilian journalists ,Brazilians,Germany,Adolf Hitler
Battle of Arles (471) ,Arles,UNESCO,Adolf Hitler
Continuous phase modulation ,Modulation,Hedy Lamarr,Adolf Hitler
Laguerreia ,Taxonomy (biology),Objections to evolution,Adolf Hitler
"Lipy, Lubusz Voivodeship ",Poland,Adolf Hitler
Jacob Highland ,United States,Islam in the United States,Adolf Hitler
"Majdany, Kutno County ",Poland,Adolf Hitler
Louise Stutes ,Alaska House of Representatives,Republican Party (United States),Adolf Hitler
Gorna Sushitsa ,Bulgaria,Europe,Adolf Hitler
School District 68 Nanaimo-Ladysmith ,School district,Germany,Adolf Hitler
Immediate Mode GUI ,Graphical user interface,CBS,Adolf Hitler
Dapéoua ,Ivory Coast,Alsace-Lorraine,Adolf Hitler
"Bethel, Florida ",List of sovereign states,Commonwealth realm,Adolf Hitler
Kung fu shoe ,Haikou,Second Sino-Japanese War,Adolf Hitler
1974 in poetry ,Irish poetry,Modernism,Adolf Hitler
John Power (director) ,The Daily Telegraph (Sydney),Joh Bjelke-Petersen,Adolf Hitler
Fanny Josephs ,England,Europe,Adolf Hitler
Kyle Carr ,"Hunterdon County, New Jersey",Charles Lindbergh,Adolf Hitler
DXKT ,City of license,CBS,Adolf Hitler
Nana (opera) ,Manfred Gurlitt,Berlin,Adolf Hitler
Wiener–Lévy theorem ,Norbert Wiener,Poland,Adolf Hitler
Cordillera Talamanca salamander ,Endangered species,Animal rights,Adolf Hitler
Kim Strauss ,Power Rangers,Star Wars,Adolf Hitler
Kavapoint ,IPhone,BBC News,Adolf Hitler
Local Energy Scotland ,Edinburgh,Official residence,Adolf Hitler
Walter Fairbanks ,"Chatham, Kent",World War I,Adolf Hitler
Liam Ridley ,The CW,Warner Bros.,Adolf Hitler
Ground turkey ,White meat,Animal rights,Adolf Hitler
Alkhalaj ,Iran,Authoritarianism,Adolf Hitler
Linda Shider ,P-Funk,Hip hop music,Adolf Hitler
Täfelberg ,Summit,Mount Elbrus,Adolf Hitler
Zé Luis Oliveira ,Rio de Janeiro,UNESCO,Adolf Hitler
Middleton School District ,Idaho,Great Depression,Adolf Hitler
ABC (1922 automobile) ,"Albany, New York",Republican Party (United States),Adolf Hitler
Daniel Font ,Wales,Europe,Adolf Hitler
Skagen Church ,Danish language,Schleswig-Holstein,Adolf Hitler
Baillie of Jerviswood ,Charles II of England,Acronym,Adolf Hitler
1974 Memorial Cup ,Junior ice hockey,Russia,Adolf Hitler
NOT POSSIBLE,Lomodo IVa 
Zvi Hirsch Kalischer ,Leszno,Poland,Adolf Hitler
Châteauroux ,Communes of France,Germany,Adolf Hitler
Glen Adam ,Defender (association football),Sport,Adolf Hitler
Chryston ,Scots language,UNESCO,Adolf Hitler
3rd (Royal Northumberland Fusiliers) Reconnaissance Regiment ,United Kingdom,Europe,Adolf Hitler
Remedy Drive ,"Lincoln, Nebraska",Republican Party (United States),Adolf Hitler
David Rose (animator) ,Artist,Astrology,Adolf Hitler
Perevalov ,Russian language,Russia,Adolf Hitler
Medical Council of Ireland ,Irish language,History of the Republic of Ireland,Adolf Hitler
Sir Leonard Tilley Building ,Ottawa,Europe,Adolf Hitler
Conviction (UT album) ,Album,Hip hop music,Adolf Hitler
ShaMaran Petroleum ,Public company,Mark Zuckerberg,Adolf Hitler
Delhi Commission for Women ,Government of Delhi,Government of NCT of Delhi v. Union of India,Adolf Hitler
"National Register of Historic Places listings in Palm Beach County, Florida ","Palm Beach County, Florida",Great Depression,Adolf Hitler
Zero Escape: Virtue's Last Reward ,Video game developer,Entertainment,Adolf Hitler
Brownsboro Independent School District ,School district,Germany,Adolf Hitler
Machakos County Governor ,Official residence,Adolf Hitler
Herbert S. Fairbank ,Munich,Adolf Hitler
Pandemis limitata ,Taxonomy (biology),Objections to evolution,Adolf Hitler
Tacita Dean ,Order of the British Empire,Head of state,Adolf Hitler
Ronan Fanning ,Ireland,Europe,Adolf Hitler
Andrew Gilchrist ,Andrew Rae Gilchrist,Europe,Adolf Hitler
Suzuki FX125 ,Suzuki,Volkswagen,Adolf Hitler
"Nelson, Alabama ",Unincorporated area,Bavaria,Adolf Hitler
Matthew Guthrie ,John Howard (prison reformer),Tower of London,Adolf Hitler
Paul Thek ,United States,Islam in the United States,Adolf Hitler
Ghansor ,India,Federalism,Adolf Hitler
Tom Osborne (American football coach) ,Tom Osborne,Republican Party (United States),Adolf Hitler
King Hezekiah bulla ,Temple Mount,BBC News,Adolf Hitler
Calculator spelling ,Unintended consequences,Max Weber,Adolf Hitler
Parailia ,Taxonomy (biology),Objections to evolution,Adolf Hitler
HMS P32 ,Royal Navy,British Armed Forces,Adolf Hitler
Llantrisant-Aberthaw line ,Vale of Glamorgan,Germany,Adolf Hitler
Matthew Vassar ,Norfolk,Edith Cavell,Adolf Hitler
Nebraska's 2nd congressional district ,List of United States Representatives from Nebraska,Republican Party (United States),Adolf Hitler
Doniphan County Courthouse Square Historic District ,Italianate architecture,Neoclassical architecture,Adolf Hitler
Accredited investor ,Investor,Entrepreneurship,Adolf Hitler
The Hayseeds ,Raymond Longford,Bud Tingwell,Adolf Hitler
Caputh Ferry ,Cable ferry,Elbe,Adolf Hitler
Carlos Sánchez Mato ,Madrid,Berlin,Adolf Hitler
Percy Hansen ,Durban,Germany,Adolf Hitler
Viscount Craigavon ,Peerage of the United Kingdom,Harold Macmillan,Adolf Hitler
Nollie Felts ,"Hattiesburg, Mississippi",Cold War,Adolf Hitler
1957 Star World Championship ,Havana,UNESCO,Adolf Hitler
Lokavci ,Slovenia,Adolf Hitler
Lisa Marie Stevens ,Michigan State University,University of Washington,Adolf Hitler
Berezan Island ,Black Sea,Romania,Adolf Hitler
Muammer Yilmaz ,Colmar,Mulhouse,Adolf Hitler
South Florida Bible College & Theological Seminary ,Private school,Germany,Adolf Hitler
Disc fibula ,Fibula (brooch),Swastika,Adolf Hitler
Anglican Province of Aba ,Anglicanism,History of Protestantism,Adolf Hitler
"Verboort, Oregon ",Unincorporated area,Bavaria,Adolf Hitler
Dilys Powell ,Bridgnorth,Adolf Hitler
Tetley Gant ,Order of St Michael and St George,Greece,Adolf Hitler
Gwernaffield ,Ordnance Survey National Grid,World War II,Adolf Hitler
Sunndalsfjord ,Fjord,Schleswig-Holstein,Adolf Hitler
The Nokia Green Room ,Channel 4,Mahmoud Ahmadinejad,Adolf Hitler
Let's Face It (film) ,Dorothy Fields,Adelaide Hall,Adolf Hitler
Pebbles (radio personality) ,WBQT (FM),WHAV,Adolf Hitler
"Sir Hugh Acland, 6th Baronet ",Barnstaple,Germany,Adolf Hitler
Albert Makashov ,"Kashirsky District, Voronezh Oblast",Russia,Adolf Hitler
San Francisco Mechanics' Institute ,"Financial District, San Francisco",Great Depression,Adolf Hitler
List of Byzantine monuments in Istanbul ,Byzantine Empire,Balkans,Adolf Hitler
"Holy Trinity Church, Horwich ",Horwich,Greater Manchester Police,Adolf Hitler
Puercala ,Taxonomy (biology),Objections to evolution,Adolf Hitler
Dill Faulkes ,Queen Elizabeth College,University of London,Adolf Hitler
Alex Lewington ,Nottingham,UNESCO,Adolf Hitler
"Tümenli, Karaisalı ",List of sovereign states,Commonwealth realm,Adolf Hitler
Dai Ikeda ,Kanagawa Prefecture,Germany,Adolf Hitler
Bramford ,Village sign,Daily Mail,Adolf Hitler
Mrs K ,Simon Yam,Asia Television,Adolf Hitler
Dural ectasia ,Specialty (medicine),American Medical Association,Adolf Hitler
Why Stop Now (film) ,Jesse Eisenberg,Mark Zuckerberg,Adolf Hitler
Belize City ,Belize,Standard German,Adolf Hitler
Chris Bristow ,Lambeth,World War II,Adolf Hitler
Secret Story 6 (Portuguese season) ,Secret Story 5 (Portuguese season),Romania,Adolf Hitler
Belcher Family Homestead and Farm ,Gothic Revival architecture,Neoclassical architecture,Adolf Hitler
"Wan'an, Jiangle County ",Provinces of China,World War II,Adolf Hitler
Dendrochilum longifolium ,Taxonomy (biology),Objections to evolution,Adolf Hitler
Kumari Kamala ,Madras Presidency,Commander-in-chief,Adolf Hitler
Adel Ramzy ,Henry Ward (artist),Winston Churchill,Adolf Hitler
Ophlitaspongia papilla ,Taxonomy (biology),Objections to evolution,Adolf Hitler
Gryet ,Denmark,Europe,Adolf Hitler
Awa Province (Tokushima) ,Japan,Empire of Japan,Adolf Hitler
2015 TCR International Series Monza round ,Italy,Europe,Adolf Hitler
1950 Detroit Lions season ,Bo McMillin,Smoking,Adolf Hitler
Gubbay ,Aline Gubbay,Charles de Gaulle,Adolf Hitler
Love (horse) ,Galileo (horse),Daily Mail,Adolf Hitler
Timeline of Fijian history ,History of Fiji,Europe,Adolf Hitler
Donald J. Stohr ,United States District Court for the Eastern District of Missouri,George H. W. Bush,Adolf Hitler
What Kind of World (Brendan Benson album) ,Album,Hip hop music,Adolf Hitler
Hafiz Rashid Khan ,Bengali Wikipedia,History of Wikipedia,Adolf Hitler
Anna Favella ,Rome,Caput Mundi,Adolf Hitler
Kenneth McEntyre ,Chester,World War II,Adolf Hitler
GridPoint ,"Roanoke, Virginia",Republican Party (United States),Adolf Hitler
Hospital del Este (Panama Metro) ,Pan-American Highway,Guatemala,Adolf Hitler
Hunting Hills High School ,"Red Deer, Alberta",World War I,Adolf Hitler
Odăi ,Bucharest,Romania,Adolf Hitler
Uyaquq ,Moravian Church,Czech Republic,Adolf Hitler
"Surprise, New York ","Greene County, New York",Germans,Adolf Hitler
Roberta (album) ,Album,Hip hop music,Adolf Hitler
Bala Mohammed ,Nigeria,World War II,Adolf Hitler
Rangpo River ,India,Federalism,Adolf Hitler
Penicillium radicum ,Taxonomy (biology),Objections to evolution,Adolf Hitler
Panzer 2000 ,Switzerland,Europe,Adolf Hitler
Democratic Republican Party (Portugal) ,Lisbon,Europe,Adolf Hitler
Olivella guayaquilensis ,Taxonomy (biology),Objections to evolution,Adolf Hitler
Jordan da Costa ,Rio de Janeiro,UNESCO,Adolf Hitler
The One with the Apothecary Table ,Friends,Warner Bros.,Adolf Hitler
Municipio I ,Italy,Europe,Adolf Hitler
Breno Lopes ,Defender (association football),Sport,Adolf Hitler
Roberto Cammarelle ,Giorgio Napolitano,Silvio Berlusconi,Adolf Hitler
Harold Sakata ,Professional wrestling,Traveling carnival,Adolf Hitler
Pseudochaenichthys georgianus ,Taxonomy (biology),Objections to evolution,Adolf Hitler
Momoko Takahashi ,Japan,Empire of Japan,Adolf Hitler
Wrestling at the 2016 Summer Olympics – Women's freestyle 69 kg ,Carioca Arena 2,Deutschlandhalle,Adolf Hitler
Mass graves in Jammu and Kashmir ,Mass grave,War,Adolf Hitler
Arrondissement of Romorantin-Lanthenay ,Arrondissements of France,French Third Republic,Adolf Hitler
Murder of Michelle Bright ,New South Wales,Great Depression,Adolf Hitler
Fox Motel House ,National Park Service,Herbert Hoover,Adolf Hitler
Haunt (EP) ,Extended play,Arturo Toscanini,Adolf Hitler
Eunidia nigroapicalis ,Taxonomy (biology),Objections to evolution,Adolf Hitler
Helodium blandowii ,Taxonomy (biology),Objections to evolution,Adolf Hitler
Kessock Bridge ,Inverness,Augsburg,Adolf Hitler
Kurt Zellers ,Paul Thissen,Keith Ellison,Adolf Hitler
Diana Shelstad ,Sydney,World War II,Adolf Hitler
Eduarda (name) ,Eduardo,Europe,Adolf Hitler
Balducci levitation ,Levitation (illusion),Mentalism,Adolf Hitler
Euonymus angulatus ,Taxonomy (biology),Objections to evolution,Adolf Hitler
List of 2019 Canada Winter Games medalists ,Quebec,Anticosti Island,Adolf Hitler
Zygmunt Żuławski ,Austria-Hungary,Adolf Hitler
Winterburn (surname) ,Surname,Greece,Adolf Hitler
Pepe Forbes ,Gibraltar,Europe,Adolf Hitler
Antero Lehtonen ,Tampere,World War II,Adolf Hitler
List of MPs elected in the 1832 United Kingdom general election (Constituencies J–L) ,Liberal Party (UK),List of political ideologies,Adolf Hitler
Filyandino ,Russia,Adolf Hitler
Colin MacDougall ,William Harvey,History of biotechnology,Adolf Hitler
Bolivar (Paris Métro) ,RATP Group,Europe,Adolf Hitler
Baycroft School ,Special needs,Ableism,Adolf Hitler
Elizabeth A. Wolford ,List of federal judges appointed by Barack Obama,Barack Obama,Adolf Hitler
Jabouilleia ,Taxonomy (biology),Objections to evolution,Adolf Hitler
George Radin ,"Agawam, Massachusetts",Republican Party (United States),Adolf Hitler
Nevin Markwart ,Toronto,Broadcast network,Adolf Hitler
Robert Oke ,Bell Rock Lighthouse,Coast (TV series),Adolf Hitler
Deborah Caldwell-Stone ,American Library Association,Henry Kissinger,Adolf Hitler
Sang Xue ,China,Empire of Japan,Adolf Hitler
Brian Henninger ,"Sacramento, California",Time (magazine),Adolf Hitler
List of disaster films ,Disaster film,World War II,Adolf Hitler
Novomuslyumovo ,Russia,Adolf Hitler
Actiastes globiferum ,Taxonomy (biology),Objections to evolution,Adolf Hitler
Paradoxical intention ,Psychotherapy,Timeline of psychology,Adolf Hitler
Hollywood Burbank Airport ,Federal Aviation Administration,Franklin D. Roosevelt,Adolf Hitler
Momentum (Jamie Cullum album) ,Album,Hip hop music,Adolf Hitler
National Longitudinal Study of Adolescent to Adult Health ,United States,Islam in the United States,Adolf Hitler
'Eua Fo'ou ,Tonga,BBC News,Adolf Hitler
Tuen Mun Government Secondary School ,Traditional Chinese characters,Fraktur,Adolf Hitler
Nae ,Eugen Nae,Romania,Adolf Hitler
James Heygate ,Portal:Christianity,Europe,Adolf Hitler
Ihor Kalinin (official) ,Oleksandr Yakymenko (politician),Soviet Armed Forces,Adolf Hitler
Modu ,Dov Moran,Poland,Adolf Hitler
Chthonerpeton exile ,Taxonomy (biology),Objections to evolution,Adolf Hitler
Maria Nepomuceno ,Category:CS1 maint: archived copy as title,5th Combined Arms Army,Adolf Hitler
Boer Commando ,Commando System (South Africa),Nelson Mandela,Adolf Hitler
1948 Yugoslav Women's Basketball League ,Socialist Federal Republic of Yugoslavia,Yugoslavia,Adolf Hitler
Trachelipus mostarensis ,Taxonomy (biology),Objections to evolution,Adolf Hitler
Once Upon a Time (season 3) ,Jennifer Morrison,CBS,Adolf Hitler
Wehrmacht foreign volunteers and conscripts ,Andrey Vlasov,Adolf Hitler
Hjördis Nordin ,Lund,Copenhagen,Adolf Hitler
Alexandru Cimbriciuc ,Liberal Democratic Party of Moldova,List of political ideologies,Adolf Hitler
Kasete Naufahu Skeen ,Alpine skiing,Sport,Adolf Hitler
1612 in science ,1604 in science,Russia,Adolf Hitler
Midaregami ,Japanese language,World War II,Adolf Hitler
Percival Loines Pemberton ,Roll of Distinguished Philatelists,George V,Adolf Hitler
Judson–Litchfield House ,"Southbridge, Massachusetts",World War II,Adolf Hitler
1989 New Jersey gubernatorial election ,1985 New Jersey gubernatorial election,Republican Party (United States),Adolf Hitler
Gonioterma exquisita ,Taxonomy (biology),Objections to evolution,Adolf Hitler
Ian Hall (rugby player) ,Gilfach Goch,Luftwaffe,Adolf Hitler
Arenibacter latericius ,Taxonomy (biology),Objections to evolution,Adolf Hitler
2002 WCHA Men's Ice Hockey Tournament ,Playoff format,Sport,Adolf Hitler
Slow Video ,20th Century Fox,Darryl F. Zanuck,Adolf Hitler
Carles Aleñá ,Spanish naming customs,Citizenship,Adolf Hitler
Tara (given name) ,Female,Bisexuality,Adolf Hitler
Allpahuayo antbird ,Taxonomy (biology),Objections to evolution,Adolf Hitler
PF-00446687 ,Erectile dysfunction,Smoking,Adolf Hitler
Surname map ,Griffin (surname),Nick Griffin,Adolf Hitler
The High Sign/One Week ,Album,Hip hop music,Adolf Hitler
Northsound Radio ,Independent Local Radio,Edward Heath,Adolf Hitler
Alessandro Morbidelli (astronomer) ,Turin,Alps,Adolf Hitler
German submarine U-850 ,Nazi Germany,Adolf Hitler
Tramcars of the Chesterfield Tramway ,Tram,Poland,Adolf Hitler
Bait and Switch (book) ,Barbara Ehrenreich,History of the socialist movement in the United States,Adolf Hitler
J-B Weld ,Internal combustion engine,Gasoline,Adolf Hitler
Mermaids: The Body Found ,Science fiction,Parallel universes in fiction,Adolf Hitler
Elizabeth Mary Palmer ,England,Europe,Adolf Hitler
2005 Indianapolis 500 ,Indianapolis Motor Speedway,Thomas R. Marshall,Adolf Hitler
The Lottery of Happiness ,Jean Ferry,Henri-Georges Clouzot,Adolf Hitler
Ingvild Helljesen ,Norway,Europe,Adolf Hitler
List of General Officers of the United States Army Medical Department in World War II ,Army Medical Department (United States),United States Military Academy,Adolf Hitler
Coley Wallace ,United States,Islam in the United States,Adolf Hitler
"Thomas Richardson, 2nd Lord Cramond ",Honingham Hall,World War II,Adolf Hitler
2000 European Athletics Indoor Championships – Women's long jump ,2000 European Athletics Indoor Championships,Greece,Adolf Hitler
Studio Uno ,Album,Hip hop music,Adolf Hitler
Kehelland ,Cornish language,UNESCO,Adolf Hitler
Yōsuke Eguchi ,Tokyo,World War II,Adolf Hitler
PHIBRON ,United States Navy,World War I,Adolf Hitler
Željko Trajković ,Socialist Federal Republic of Yugoslavia,Yugoslavia,Adolf Hitler
Sindre Erstad ,Norway,Europe,Adolf Hitler
Seafield Sri Maha Mariamman Temple ,Sime Darby,Mercedes-Benz,Adolf Hitler
2010 FC Tom Tomsk season ,FC Tom Tomsk,Russia,Adolf Hitler
Pectinatites ,Precambrian,BBC News,Adolf Hitler
Barney Barton ,Marvel Comics,Captain America,Adolf Hitler
Your Son ,Spanish language,Equatorial Guinea,Adolf Hitler
Seventh Street Improvement Arches ,Arch bridge,Yugoslavia,Adolf Hitler
Nick Ervinck ,Kortemark,Ypres,Adolf Hitler
Shiva Rindani ,Zakhmi Aurat,Raj Babbar,Adolf Hitler
Caleb Ashworth ,Lancashire,Blackpool,Adolf Hitler
Kang Ji-min ,South Korea,Empire of Japan,Adolf Hitler
Rio Declaration on Environment and Development ,United Nations,World War II,Adolf Hitler
Pirtanuiyeh ,Iran,Authoritarianism,Adolf Hitler
(My Friends Are Gonna Be) Strangers ,Single (music),Hip hop music,Adolf Hitler
OU Center for Public Management ,University of Oklahoma,Republican Party (United States),Adolf Hitler
Blood Creek ,Talk:Blood Creek,Romania,Adolf Hitler
BUT (retailer) ,Retail,Europe,Adolf Hitler
Puff Adder (comics) ,Marvel Comics,Captain America,Adolf Hitler
All for You (Show Lo album) ,Greatest hits album,David Bowie,Adolf Hitler
Spouse of the Prime Minister of Israel ,Official residence,Adolf Hitler
Chan Chen ,Belize,Standard German,Adolf Hitler
Musical nationalism ,Category:Nationalism,Nationalism,Adolf Hitler
First class constraint ,Paul Dirac,Peter Debye,Adolf Hitler
List of Hong Kong football transfers winter 2013–14 ,List of Hong Kong football transfers summer 2013,Bosnia and Herzegovina,Adolf Hitler
Gweru-Thornhill Air Base ,Asphalt,Petroleum industry in Mexico,Adolf Hitler
Višnjić ,Serbian language,Bosnia and Herzegovina,Adolf Hitler
Cinema of Gabon ,Omar Bongo,Fidel Castro,Adolf Hitler
Diane Ray ,"Gastonia, North Carolina",CBS,Adolf Hitler
Mow (surname) ,Van C. Mow,World War II,Adolf Hitler
Ma'ale HaHamisha ,Mateh Yehuda Regional Council,Germany,Adolf Hitler
Alexandre Mouton House ,"Lafayette, Louisiana",Republican Party (United States),Adolf Hitler
Space Opera (Valente novel) ,Science fiction,Parallel universes in fiction,Adolf Hitler
Microdaphne indohystrix ,Taxonomy (biology),Objections to evolution,Adolf Hitler
Regional Maple Leaf Communications ,Canada,Federalism,Adolf Hitler
1939 World Snooker Championship ,World Snooker Championship,World War II,Adolf Hitler
Gørild Mauseth ,Finnmark,Russia,Adolf Hitler
Song for a Sleepwalker ,Single (music),Hip hop music,Adolf Hitler
Jesse Brown (journalist) ,Toronto,Broadcast network,Adolf Hitler
Manihari (Vidhan Sabha constituency) ,India,Federalism,Adolf Hitler
1973 New York Giants season ,Yankee Stadium (1923),Adolf Hitler
Orry-la-Ville ,Communes of France,Germany,Adolf Hitler
"Chaki, West Azerbaijan ",Iran,Authoritarianism,Adolf Hitler
Jane Tolmach ,"Havre, Montana",CBS,Adolf Hitler
Butter-Powder Tilt ,United States,Islam in the United States,Adolf Hitler
Family (Willie Nelson's band) ,Country music,Europe,Adolf Hitler
Cashmere Mafia ,Comedy-drama,Satire,Adolf Hitler
Chlornaltrexamine ,Chemical nomenclature,World War I,Adolf Hitler
Ib Thermal Power Station ,Jharsuguda district,World War II,Adolf Hitler
Aleksander Semkowicz ,Kwartalnik Historyczny,Poland,Adolf Hitler
Antoine de Balinghem ,Belgium,Europe,Adolf Hitler
Greatest Hits (Stevie Ray Vaughan album) ,Greatest hits album,David Bowie,Adolf Hitler
2004 Australian Formula Ford Championship ,Australia,Federalism,Adolf Hitler
"Mikułowice, Opatów County ",Poland,Adolf Hitler
Karlen Varzhapetyan ,Aleppo,World War I,Adolf Hitler
Tyudrala ,Russia,Adolf Hitler
Patrick O'Neal (actor) ,"Ocala, Florida",Barack Obama,Adolf Hitler
Integrated logistics support ,Materiel,War,Adolf Hitler
Mordellistena parvuloides ,Taxonomy (biology),Objections to evolution,Adolf Hitler
Peter Gülke ,Weimar,Adolf Hitler
Sepak takraw at the 2018 Asian Games – Men's regu ,South Korea at the 2018 Asian Games,Austria,Adolf Hitler
All-Ireland Junior Club Football Championship ,Gaelic football,Ron Barassi,Adolf Hitler
MELCOR ,Sandia National Laboratories,World War II,Adolf Hitler
Hindmarsh Valley Reservoir ,Dam,Rotterdam,Adolf Hitler
Desmond Ford ,Seventh-day Adventist Church,Seventh-day Adventist eschatology,Adolf Hitler
J. Stephanus Stadium ,Keetmanshoop,German Empire,Adolf Hitler
Maud Kaptheijns ,Cyclo-cross,Europe,Adolf Hitler
Avinoam Kolodny ,Hebrew language,Zionism,Adolf Hitler
HC Sierre ,Sierre,Germany,Adolf Hitler
Howard Lindsay ,New York City,The Bronx,Adolf Hitler
Jean-Baptiste Lallemand ,Dijon,Nazi Germany,Adolf Hitler
Marisol Carratú ,Buenos Aires,Nationalism,Adolf Hitler
Visual field test ,ICD-9-CM Volume 3,Psychoanalysis,Adolf Hitler
Grammy Award for Best Traditional World Music Album ,World music,Balkans,Adolf Hitler
STS-42 ,NASA,Dwight D. Eisenhower,Adolf Hitler
Jirishanca ,Summit,Mount Elbrus,Adolf Hitler
1998 VFL season ,Australian rules football,World War I,Adolf Hitler
Dōjōji (Noh play) ,Noh,Bertolt Brecht,Adolf Hitler
A Hymn of St Columba ,Benjamin Britten,Pacifism,Adolf Hitler
1995 Fed Cup Europe/Africa Zone ,1995 Fed Cup,Germany,Adolf Hitler
Grayback-class submarine ,United States Navy,World War I,Adolf Hitler
Samuel Jasper Loring ,Vought,World War II,Adolf Hitler
"Alvon, West Virginia ",Unincorporated area,Bavaria,Adolf Hitler
Clavidesmus monnei ,Taxonomy (biology),Objections to evolution,Adolf Hitler
"Vashti, Texas ",Unincorporated area,Bavaria,Adolf Hitler
"Danila Kozlov (footballer, born April 1997) ",Midfielder,Right-wing politics,Adolf Hitler
Tekkali revenue division ,India,Federalism,Adolf Hitler
A Woman a Man Walked By ,Album,Hip hop music,Adolf Hitler
1991 Vuelta a Murcia ,Vuelta a Murcia,Russia,Adolf Hitler
Héctor Robledo Cervantes ,Mexico,Federalism,Adolf Hitler
Kosmos 1604 ,US-K,Russia,Adolf Hitler
Charles Olemus ,Haiti,German Empire,Adolf Hitler
Binomio de Oro de América ,Colombia,Federalism,Adolf Hitler
1994 Guatemalan parliamentary election ,Guatemala,Adolf Hitler
Denayer ,Surname,Greece,Adolf Hitler
Edenfield ,Scout Moor Wind Farm,Rochdale,Adolf Hitler
Raymond F. Clevenger ,United States House of Representatives,Republican Party (United States),Adolf Hitler
Yugoslavia in the Eurovision Song Contest 1983 ,Novi Sad,Kingdom of Yugoslavia,Adolf Hitler
WXMD (FM) ,City of license,CBS,Adolf Hitler
John King (journalist) ,Boston Latin School,Louis Farrakhan,Adolf Hitler
Avery's Pightle ,Site of Special Scientific Interest,Acronym,Adolf Hitler
Etting ,Communes of France,Germany,Adolf Hitler
NOT POSSIBLE,Chaya (literature) 
Huairou–Miyun line ,Commuter rail,Ruhr,Adolf Hitler
Battle of Valdepeñas ,Peninsular War,French invasion of Russia,Adolf Hitler
Jean-Claude Meunier ,Vierzon,World War II,Adolf Hitler
Château La Gaffelière ,Leper colony,Crete,Adolf Hitler
Irish Albums Chart ,Republic of Ireland,Europe,Adolf Hitler
New Glarus Public School and High School ,"New Glarus, Wisconsin",Rotterdam,Adolf Hitler
International Alliance for Women in Music ,Music,Richard Wagner,Adolf Hitler
2005 Italian Figure Skating Championships ,Merano,South Tyrol,Adolf Hitler
Harry Mason (American football) ,American football,BBC News,Adolf Hitler
"English Language School, Dubai ",Private school,Germany,Adolf Hitler
Nuremberg–Augsburg railway ,Passenger rail terminology,The Bronx,Adolf Hitler
USS Galena ,United States Navy,World War I,Adolf Hitler
Hogan Stand ,Ireland,Europe,Adolf Hitler
Charles Buchwald ,Anthon Olsen,Copenhagen,Adolf Hitler
1900 and 1901 United States Senate elections ,United States Senate,Republican Party (United States),Adolf Hitler
Szpakowski ,Dariusz Szpakowski,Warsaw,Adolf Hitler
Chang Yu-sheng ,Chinese name,Mao Zedong,Adolf Hitler
Royal Herbert Hospital ,Royal Army Medical Corps,World War I,Adolf Hitler
The Oxford Companion to American Literature ,Oxford Companions,Australian literature,Adolf Hitler
Two Sinners ,Otto Kruger,CBS,Adolf Hitler
"Mehdiabad, Azerbaijan ",Azerbaijan,Eastern Europe,Adolf Hitler
John White (cricketer) ,Mansfield,Ronald Reagan,Adolf Hitler
Soldiers of Heaven ,Millenarianism,Millennialism,Adolf Hitler
Pannonian dialect group ,Slovene language,Slovenia,Adolf Hitler
Üçgünqışlaq ,Azerbaijan,Eastern Europe,Adolf Hitler
Athletics at the 2002 Commonwealth Games – Men's triple jump ,100 metres,Berlin,Adolf Hitler
Kazuo Hatoyama ,Japanese name,World War II,Adolf Hitler
Vladychny Monastery ,Serpukhov,Russia,Adolf Hitler
USS Rhea ,USS Rhea (AMc-58),World War II,Adolf Hitler
Basel University Library ,German language,Germans,Adolf Hitler
Anailis Dorvigni ,Pan American Judo Championships,Guatemala,Adolf Hitler
"Chłopków, Lublin Voivodeship ",Poland,Adolf Hitler
Princely Academy of Iași ,Moldavia,Romania,Adolf Hitler
"Douglas, Chicago ","Cook County, Illinois",Neoclassical architecture,Adolf Hitler
Olaf Haraldsson Geirstadalf ,List of Norwegian monarchs,Europe,Adolf Hitler
Bob Martin (comedian) ,The Drowsy Chaperone,The Producers (musical),Adolf Hitler
Karl Patzelt ,Craiova,Romania,Adolf Hitler
Robert Talley ,Boston University,Great Depression,Adolf Hitler
Age and female fertility ,Ageing,Cloning,Adolf Hitler
"Zonbalan, West Azerbaijan ",Iran,Authoritarianism,Adolf Hitler
Neogene dynaeus ,Taxonomy (biology),Objections to evolution,Adolf Hitler
Ed Pinnance ,Major League Baseball,Great Depression,Adolf Hitler
"Twin Bridges, California ",Unincorporated area,Bavaria,Adolf Hitler
Giessbachbahn ,Track gauge,Lithuania,Adolf Hitler
Michael Corbett (judge) ,Chief Justice of South Africa,World War II,Adolf Hitler
29th Street Yard (St. Louis MetroLink) ,Light rail,Mulhouse,Adolf Hitler
Miłony ,Poland,Adolf Hitler
Henry Clay Whitney ,United States,Islam in the United States,Adolf Hitler
Meibomian gland ,Foundational Model of Anatomy,University of Washington,Adolf Hitler
"Katarzynki, Greater Poland Voivodeship ",Poland,Adolf Hitler
Lauren Moyer ,Pan American Games,Olympic Games ceremony,Adolf Hitler
Lucjusz Kupferwasser ,Lublin,Poland,Adolf Hitler
Khao Lampi–Hat Thai Mueang National Park ,National park,World War II,Adolf Hitler
General Thomas Hills ,Nevada,Republican Party (United States),Adolf Hitler
Mimacanthocinus ,Taxonomy (biology),Objections to evolution,Adolf Hitler
Carl Langbehn ,Adolf Hitler
Parish of Kooltoo ,New South Wales,Great Depression,Adolf Hitler
Objects clause ,Industrial Revolution,Eric Hobsbawm,Adolf Hitler
Bradić ,Serbia,History of Serbia,Adolf Hitler
Charles Johnson (defensive back) ,"Mansfield, Louisiana",Republican Party (United States),Adolf Hitler
Tungou ,India,Federalism,Adolf Hitler
Duchy of Cornwall Act 1844 ,Parliament of the United Kingdom,Boris Johnson,Adolf Hitler
Denis Cauchi ,Floriana,Pope John Paul II,Adolf Hitler
Hallington railway station ,Lincolnshire,Tank,Adolf Hitler
Aspergillus botswanensis ,Taxonomy (biology),Objections to evolution,Adolf Hitler
Xavier Fagnon ,France,Europe,Adolf Hitler
Katy Jarochowicz ,Businessperson,Entrepreneurship,Adolf Hitler
Kendall Morris ,"Ennis, Texas",Czechoslovakia,Adolf Hitler
Maraikayarpattinam ,India,Federalism,Adolf Hitler
New Brunswick Hawks ,Moncton,Cold War,Adolf Hitler
Fayette Street Historic District ,"Martinsville, Virginia",Cold War,Adolf Hitler
Reliance Petroleum ,Public company,Mark Zuckerberg,Adolf Hitler
Mevastatin ,Anatomical Therapeutic Chemical Classification System,Germany,Adolf Hitler
Karl Wilhelm Fricke ,Hoym,Germany,Adolf Hitler
BRD4 ,Gene nomenclature,Acronym,Adolf Hitler
John W. Riddle ,Pirie MacDonald,Head of state,Adolf Hitler
"Campbell County, Kentucky ",County (United States),Germany,Adolf Hitler
Conservation Center for Art and Historic Artifacts ,Bruce Springsteen,Cultural impact of the Beatles,Adolf Hitler
Jägala ,German language,Germans,Adolf Hitler
Campus Apartments ,Philadelphia,Germany,Adolf Hitler
Caladenia chapmanii ,Taxonomy (biology),Objections to evolution,Adolf Hitler
Demographics of sexual orientation ,Sexual orientation,Bisexuality,Adolf Hitler
John Korfas ,"Akron, Ohio",Bill Clinton,Adolf Hitler
1752 in Norway ,1751 in Norway,History of Hungary,Adolf Hitler
Grey whistler ,Taxonomy (biology),Objections to evolution,Adolf Hitler
Fort Colvile ,Fort Colville,United States Military Academy,Adolf Hitler
Ethel Morgan Smith ,Hollins University,Great Depression,Adolf Hitler
2011 term United States Supreme Court opinions of Samuel Alito ,Supreme Court of the United States,Erich Salomon,Adolf Hitler
16th Bombardment Group ,Boeing B-29 Superfortress,World War II,Adolf Hitler
Bay of Kotor ,Montenegro,Europe,Adolf Hitler
Felipe Trigo ,Badajoz,Spanish Civil War,Adolf Hitler
Swimming at the 1967 Pan American Games ,1967 Pan American Games,United Press International,Adolf Hitler
Abanycha urocosmia ,Taxonomy (biology),Objections to evolution,Adolf Hitler
Cù Lao Ré volcanic islands ,Summit,Mount Elbrus,Adolf Hitler
Dark Blue World ,Charles Dance,Alastair Denniston,Adolf Hitler
"Carnegie Public Library (Huntington, West Virginia) ","Huntington, West Virginia",Acronym,Adolf Hitler
Cuautitlán Izcalli ,List of sovereign states,Commonwealth realm,Adolf Hitler
Makhauda Dham ,India,Federalism,Adolf Hitler
Mayor of Whangarei ,Style (manner of address),Unification of Germany,Adolf Hitler
Piaga ,Burkina Faso,French Third Republic,Adolf Hitler
Siphocampylus ecuadoriensis ,Endangered species,Animal rights,Adolf Hitler
1942–43 NHL season ,National Hockey League,Great Depression,Adolf Hitler
There's a Hole in My Bucket ,Nursery rhyme,Psychoanalysis,Adolf Hitler
Narbona Pass ,"San Juan County, New Mexico",Republican Party (United States),Adolf Hitler
Thirst (1949 film) ,Ingmar Bergman,Adolf Hitler
Bilheimer ,Robert S. Bilheimer,Cold War,Adolf Hitler
2011 China Masters Super Series ,United States dollar,Czech Republic,Adolf Hitler
Julius A. Furer ,United States,Islam in the United States,Adolf Hitler
Rope trick effect ,Nevada Test Site,Harry S. Truman,Adolf Hitler
Nadiradze ,Georgian language,History of Georgia (country),Adolf Hitler
2009–10 Oklahoma State Cowgirls basketball team ,"Stillwater, Oklahoma",World War II,Adolf Hitler
Agha Waqar's water-fuelled car ,Sindh,UNESCO,Adolf Hitler
Jeff DeGraff ,University of Michigan,World War II,Adolf Hitler
Talitha Cumi (The X-Files) ,The X-Files,Satire,Adolf Hitler
Monica Das ,Feminist economics,Feminism,Adolf Hitler
Realignment plan ,Lausanne Conference of 1949,Harry S. Truman,Adolf Hitler
With Fear I Kiss the Burning Darkness ,Album,Hip hop music,Adolf Hitler
"Neola, Kansas ",Unincorporated area,Bavaria,Adolf Hitler
International Year of Astronomy ,Euro gold and silver commemorative coins (Austria),Innsbruck,Adolf Hitler
Plagiodera versicolora ,Taxonomy (biology),Objections to evolution,Adolf Hitler
Charles Fell ,New Zealand,Head of state,Adolf Hitler
Abu Dakab Emir ,Iran,Authoritarianism,Adolf Hitler
Seavey-Robinson House ,"South Portland, Maine",World War I,Adolf Hitler
List of United States senators in the 2nd Congress by seniority ,United States Senate,Republican Party (United States),Adolf Hitler
Branko Lazarević ,Socialist Federal Republic of Yugoslavia,Yugoslavia,Adolf Hitler
Acid Peptic Diseases ,Gastroesophageal reflux disease,Smoking,Adolf Hitler
Virginia State Route 679 ,State highways in Virginia,Great Depression,Adolf Hitler
Kreis Walk ,Latvian language,Baltic Germans,Adolf Hitler
Finno-Permic languages ,Fennoscandia,Russia,Adolf Hitler
Chaifetz ,Richard Chaifetz,Time (magazine),Adolf Hitler
Queen Elizabeth II Medical Centre ,"Nedlands, Western Australia",Conservatism,Adolf Hitler
Martine Bras ,Road bicycle racing,Low Countries,Adolf Hitler
2016–17 Olympique Lyonnais season ,Olympique Lyonnais,Gestapo,Adolf Hitler
Charles Morgan (Victoria cricketer) ,Melbourne,UNESCO,Adolf Hitler
Nigeria at the Olympics ,List of IOC country codes,Dissolution of the Soviet Union,Adolf Hitler
Stephen Butler (rugby league) ,Rugby league,Europe,Adolf Hitler
List of isomers of tetradecane ,Decane,Gasoline,Adolf Hitler
Harri Pesonen ,SCL Tigers,Russia,Adolf Hitler
Suttirat Anne Larlarb ,Carnegie Mellon University,World War II,Adolf Hitler
Majzar District ,List of sovereign states,Commonwealth realm,Adolf Hitler
Volga-Volga ,Volga Volga (1928 film),Munich,Adolf Hitler
Rio Bravo (ship) ,Maersk Line,Copenhagen,Adolf Hitler
Kurahashi-jima ,Japanese language,World War II,Adolf Hitler
Eulaema meriana ,Taxonomy (biology),Objections to evolution,Adolf Hitler
Odites incusata ,Taxonomy (biology),Objections to evolution,Adolf Hitler
Expedition 27 ,International Space Station,David Bowie,Adolf Hitler
45th New Brunswick Legislature ,New Brunswick,Europe,Adolf Hitler
2004–05 Borussia Dortmund season ,Borussia Dortmund,Ruhr,Adolf Hitler
Dolvett Quince ,"Stamford, Connecticut",Europe,Adolf Hitler
Essex Hemphill ,Americans,Germany,Adolf Hitler
