Smouldering ,King Adora,Birmingham,"Birmingham, Alabama",Christianity,Jesus
Tan Chay Wa's tombstone trial ,Geographic coordinate system,Template:Coord,Wikidata,English Wikipedia,Jesus
Mohammad Bagheri (Iranian commander) ,Sardar (IRGC),Islamic Revolutionary Guard Corps,Iran,Islam,Jesus
Geita (genus) ,Taxonomy (biology),Taxidermy,Taxonomy (biology),Carl Linnaeus,Jesus
Helen H. Nowlis ,Brown University,John Brown University,Brown University,Congregationalism in the United States,Jesus
Tammo Harder ,Forward (association football),Shooting (association football),Steven Gerrard,Tim Howard,Jesus
Tikem ,Sub-prefectures of Chad,Chad,French language,Classical Latin,Jesus
Oak Grove Mennonite Church ,"Smithville, Ohio",Village (United States),Local government in the United States,Public holidays in the United States,Jesus
Mkwajuni ,Songwe District,Districts of Tanzania,Tanzania,Ethiopia,Jesus
WRUF-FM ,City of license,United States,Americas,World,Jesus
Thomas Cushing II ,Talk:Thomas Cushing II,Portal:Biography,Jesus
"Strmec, Zagreb ",Croatia,Geographic coordinate system,Geodesy,Mesopotamia,Jesus
Everything Is Expensive ,Album,Phonograph record,Spiral,Golden ratio,Jesus
Philippe de Courcillon ,Hyacinthe Rigaud,Perpignan,Catalan language,Muslims,Jesus
United Kingdom Atomic Energy Authority ,Non-departmental public body,United Kingdom,Great Britain,Pseudohistory,Jesus
P fimbriae ,Chaperone-Usher fimbriae,Bacterial outer membrane,Circulatory system,Tongue,Jesus
Laurel Leader-Call ,Weekly newspaper,Talk:Weekly newspaper,Portal:Journalism,Portal:Journalism/Did you know,Jesus
CSS Beaufort ,United States Navy,Navy,Specials (Unicode block),Manichaean alphabet,Jesus
Gunnr ,Old Norse,Scandinavia,Nordic countries,Denmark,Jesus
Rick Sowieta ,"Heusden, Belgium",Belgium,Dutch language,Catholic Church,Jesus
List of highways numbered 38 ,A38 (Sydney),New South Wales,New Britain (Canada),Denmark,Jesus
Sameodes ennoduisalis ,Taxonomy (biology),Taxidermy,Taxonomy (biology),Carl Linnaeus,Jesus
Ust-Karsk ,Zapolyarny District,Districts of Russia,Raion,Lithuania,Jesus
"When the going gets tough, the tough get going ",American English,U.S. English (organization),"Washington, D.C.",Washington National Cathedral,Jesus
Marunouchi Park Building ,"Chiyoda, Tokyo",Special wards of Tokyo,Japan,Common Era,Jesus
Matt Coyle ,Nantwich,Cheshire,Counties of England,List of cultural icons of England,Jesus
Zakale ,Poland,Polska (dance),Swedish language,Denmark,Jesus
MTV Unplugged (Bob Dylan album) ,Album,Phonograph record,Spiral,Golden ratio,Jesus
Ochota ,Mary-Ann Ochota,Wincham,Cheshire,Liverpool Cathedral,Jesus
Petha ,Peda,Ped-,Latin,Catholic Church,Jesus
Annette Conlon ,Songwriter,Microsoft Songsmith,Genre,Parody,Jesus
Mill of Morphie ,Aberdeenshire,Geographic coordinate system,Geodesy,Mesopotamia,Jesus
Eugene Paykel ,Maudsley Hospital,South London and Maudsley NHS Foundation Trust,Bethlem Royal Hospital,Crusades,Jesus
Laurel Park Place ,"Livonia, Michigan",City,List of urban areas by population,Toluca,Jesus
Jauni ,Estonia,Estonian language,Estonia,Christianity,Jesus
John Deng ,Chinese name,Chinese language,Standard Chinese,Indonesian language,Jesus
Epizootic lymphangitis ,Lymphangitis,Cellulitis,Bacteria,Leprosy,Jesus
2013 Super Formula Championship ,Super Formula Championship,Superformula,Superellipse,Denmark,Jesus
List of Catholic dioceses in Angola and São Tomé and Príncipe ,Angola,Geographic coordinate system,Geodesy,Mesopotamia,Jesus
2008 Arkansas Democratic primary ,Hillary Clinton,United States Secretary of State,Secretary of state (U.S. state government),Marriage,Jesus
Portrait of Cardinal Ludovico Trevisan ,Andrea Mantegna,Republic of Venice,Most Serene Republic,San Marino,Jesus
Raghoji I Bhonsle ,Maratha Empire,Marathi language,Devanagari,Deity,Jesus
Garland Anderson (composer) ,"Union City, Ohio","Union, Ohio","Union County, Ohio","With God, all things are possible",Jesus
Macarao Formation ,Geochronology,Science,History of science,Mosaic,Jesus
Amydria arizonella ,Taxonomy (biology),Taxidermy,Taxonomy (biology),Carl Linnaeus,Jesus
John Ballance ,John Balance,John Ballance,John Balance,Monte Cazazza,Jesus
Gaeko ,Korean name,Names of Korea,Korea,1st millennium,Jesus
Thursford railway station ,Thursford,Norfolk,"Norfolk, Virginia",Marriage,Jesus
The King's Cupboard ,CBC Television,Terrestrial television,Television,South Park,Jesus
Ali Barkah ,Banyumas Regency,Regency (Indonesia),Indonesian language,Jesus
Mulai Ahmed er Raisuni ,Emir,Amir (name),Turkish language,Turkey,Jesus
Elio Gaspari ,Naples,Italian language,Italy,Anno Domini,Jesus
AIDS Bhedbhav Virodhi Andolan ,HIV/AIDS,Red ribbon,Awareness ribbon,Vow of obedience,Jesus
Essie Lin Chia ,Chinese language,Standard Chinese,China,Xi Jinping,Jesus
Bedriye Hoşgör ,Ottoman Empire,Listen to this article,Ottoman Empire,Sunni Islam,Jesus
Battle of Varnakert ,Mount Ararat,Little Ararat,Mount Sis,Turkey,Jesus
Luntai County ,Geographic coordinate system,Template:Coord,Wikidata,English Wikipedia,Jesus
Leon Shimkin ,"New Rochelle, New York",City,List of urban areas by population,Toluca,Jesus
Varsity Cup Championship ,Rugby union,Rugby union gameplay,Rugby league,Boxing Day,Jesus
Craig Riedel ,Ohio House of Representatives,133rd Ohio General Assembly,Ohio Statehouse,"With God, all things are possible",Jesus
Pompiac ,Communes of France,Paris Commune,France,Christians,Jesus
"Douro, Faina Fluvial ",Manoel de Oliveira,Manuel de Oliveira,Manoel de Oliveira,Portuguese name,Jesus
Showbag ,Ekka,Brisbane,Queensland,Silver,Jesus
Linwood Pendleton ,"Richmond, Virginia","Richmond County, Virginia","Richmond, Virginia",Thomas Jefferson,Jesus
Turton High School ,Greater Manchester,Greater Manchester Built-up Area,Manchester,Lord,Jesus
Pat Maginnis ,NARAL Pro-Choice America,"Washington, D.C.",Washington (state),George Washington,Jesus
Richard Wynyard ,Rugby league positions,Rugby league,Sports governing body,Catholic Church,Jesus
The Werewolf Principle ,Clifford D. Simak,"Simak, Iran",Iran,Islam,Jesus
William Singleton ,House of Commons of England,House of Commons of Great Britain,Parliament of Scotland,Protestantism,Jesus
The Phoenix Requiem ,Talk:The Phoenix Requiem,Portal:Comics,Wikipedia talk:WikiProject Portals/Tasks,Portal:Evangelical Christianity,Jesus
Carrie Brownstein ,Seattle,Lushootseed,Canada,Anno Domini,Jesus
Joško Vidošević ,Kingdom of Yugoslavia,"State of Slovenes, Croats and Serbs",Slovene language,Bible,Jesus
Biker Mice from Mars (2006 video game) ,Video game developer,Video game industry,Game design,Devil,Jesus
Chainmail and Cello ,Album,Phonograph record,Spiral,Golden ratio,Jesus
Cook Park ,"St Marys, New South Wales",Sydney,City of Sydney,Indonesian language,Jesus
Pearl Tan ,IMDb,In-memory database,International Standard Book Number,11 (number),Jesus
"East Tamworth, New South Wales ","Tamworth, New South Wales",New South Wales,New Britain (Canada),Denmark,Jesus
List of daggers ,Talk:List of daggers,Template:WikiProject Lists,Wikipedia talk:WikiProject Lists,List of churches in London,Jesus
Gentile Point ,Geographic coordinate system,Template:Coord,Wikidata,English Wikipedia,Jesus
Togo Telecom FC ,Togo,French language,France,Christians,Jesus
Jawaharlal Nehru Stadium (Delhi) ,New Delhi,Delhi,New Delhi,Islam,Jesus
Bones of the Earth ,Michael Swanwick,List of science fiction authors,Speculative fiction,Supernatural,Jesus
Montgomery Kaluhiokalani ,Honolulu,List of capitals in the United States,Capital city,Constantinople,Jesus
Mazzarella (surname) ,Carlo Mazzarella,Mario Monicelli,Rome,Caput Mundi,Jesus
William Nash (Manitoba politician) ,Manitoba,Provinces and territories of Canada,Circumboreal Region,Denmark,Jesus
Aaron Cohen (counterterrorist) ,Montreal,Listen to this article,Montreal,"Mary, mother of Jesus",Jesus
Toni Braxton ,Toni Braxton (album),Album,Phonograph record,The Beatles,Jesus
Blue and Sentimental (album) ,Album,Phonograph record,Spiral,Golden ratio,Jesus
Greatest Hits (2002 Kylie Minogue album) ,Greatest hits album,List of greatest hits albums,Greatest hits album,The Beatles,Jesus
Salvador Martínez Pérez ,Mexico,First Mexican Republic,Mexico,Protestantism,Jesus
Klein quadric ,Klein quartic,Order-7 triangular tiling,Geometry,Mesopotamia,Jesus
List of awards and nominations received by Asin ,Kalaimamani,Tamil Nadu,States and union territories of India,Goa,Jesus
Scherzo with Tyrannosaur ,Michael Swanwick,List of science fiction authors,Speculative fiction,Supernatural,Jesus
"State Central Library, Hyderabad ",Afzal Gunj,Geographic coordinate system,Geodesy,Mesopotamia,Jesus
Kristin Cashore ,Young adult fiction,Fiction,Lewis Carroll,Christmas card,Jesus
Bikya language ,Cameroon,Geographic coordinate system,Geodesy,Mesopotamia,Jesus
Ulla Wiggen ,Integrated circuit,Silicon Chip,English language,Gospel of Matthew,Jesus
Claudio Acosta ,El Quebrachal,Talk:El Quebrachal,Portal:Argentina,Western culture,Jesus
John Rothman ,John Rothmann,John Rothman,Wesleyan University,Georgetown University,Jesus
Anthony Wood (businessman) ,"Roku, Inc.",Roku,Ruku,Islam,Jesus
Huntington Beach State Park ,"Murrells Inlet, South Carolina",Census-designated place,Unincorporated area,Denmark,Jesus
Harry Dowda ,Defensive back,Gridiron football,American football,Mason Crosby,Jesus
Miss USA 2008 ,Donny Osmond,"Ogden, Utah",City,Mesopotamia,Jesus
2018 Metro Atlantic Athletic Conference Baseball Tournament ,Richmond County Bank Ballpark,Geographic coordinate system,Geodesy,Mesopotamia,Jesus
"Alexandra Hill, Singapore ",Bukit Merah,"Bukit Merah, Perak",Malaysia,Islam,Jesus
The Jesus Storybook Bible ,The New York Times,The Times,News UK,List of years in British television,Jesus
Myall River ,Myall Lakes,Myall Lakes National Park,New South Wales,Islam,Jesus
Euphoria (Dead Man album) ,Album,Phonograph record,Spiral,Golden ratio,Jesus
Mycobacterium nebraskense ,Taxonomy (biology),Taxidermy,Taxonomy (biology),Carl Linnaeus,Jesus
Kent Dairy Round Barn ,National Register of Historic Places,Canadian Register of Historic Places,English language,Gospel of Matthew,Jesus
Minqin County ,Minqing County,"Meicheng, Fujian",Traditional Chinese characters,Manichaean alphabet,Jesus
Artur Soares Dias ,Portuguese name,Jesus
Shewanella livingstonensis ,Taxonomy (biology),Taxidermy,Taxonomy (biology),Carl Linnaeus,Jesus
Savage Streets ,Danny Steinmann,New York City,Times Square,George Washington,Jesus
2004–05 Welsh Alliance League ,Welsh Alliance League,Wales,Welsh language,New Testament,Jesus
2018 in South Korean football ,Football in South Korea,Seoul World Cup Stadium,Mapo District,Sogang University,Jesus
Andalusian nationalism ,Nationalism,Patriotism,Nationalism,Nazism,Jesus
Critical system ,Reliability engineering,Systems engineering,Engineering,Mesopotamia,Jesus
Ivanhood ,Talk:Ivanhood,Portal:Film,Eadweard Muybridge,John Farnham,Jesus
Andrzej of Wiślica ,Avignon,Avignon Regional County Municipality,Canada,Anno Domini,Jesus
Whispers in the Wind – Acoustic Improvisations ,Demo (music),Demotape (EP),Extended play,The Beatles,Jesus
Fish products ,Antonio Sicurezza,Santa Maria Capua Vetere,Comune,Timeline of Italian history,Jesus
Patel Nagar ,Geographic coordinate system,Template:Coord,Wikidata,English Wikipedia,Jesus
Aidar Bekzhanov ,"Oral, Kazakhstan","Aral, Kazakhstan",Kazakhstan,Muslims,Jesus
Russell Johnston (footballer) ,"Casterton, Victoria",Victoria (Australia),Coat of arms of Victoria (Australia),Peace,Jesus
Phraortes ,Talk:Phraortes,Portal:Biography,Jesus
Transverse perineal muscles ,Perineum,Peritoneum,Abdomen,Sheep,Jesus
Anton Agapov ,Forward (association football),Shooting (association football),Steven Gerrard,Tim Howard,Jesus
Cestrum nocturnum ,Taxonomy (biology),Taxidermy,Taxonomy (biology),Carl Linnaeus,Jesus
Behavior-based safety ,Organizational behavior management,Applied behavior analysis,Psychology,Idiot,Jesus
List of Please Take Care of My Refrigerator episodes ,South Korea,North Korea,South Korea,Christianity,Jesus
Committee on Heraldry of the New England Historic Genealogical Society ,Coat of arms,Achievement (heraldry),Category:Heraldry,Attributed arms,Jesus
Dario Coates ,Talk:Dario Coates,Portal:Biography,Jesus
1989 World Taekwondo Championships ,Jamsil Arena,Seoul,List of sovereign states,Holy See,Jesus
Ed Steinberg ,New York City,Midtown Manhattan,Central business district,Crown (headgear),Jesus
Same-sex marriage in California ,Legal status of same-sex marriage,Same-sex union legislation,Legal status of same-sex marriage,Denmark,Jesus
Salamis anteva ,Taxonomy (biology),Taxidermy,Taxonomy (biology),Carl Linnaeus,Jesus
Priapus ,Listen to this article,User:Theroachyjay,Avril Lavigne,The Beatles,Jesus
Kagenna Magazine ,Alternative culture,Talk:Alternative culture,Outline of culture,Western culture,Jesus
List of crime films of the 2010s ,Crime film,Crime fiction,Sherlock Holmes,Holy See,Jesus
Bagiswori College ,Talk:Bagiswori College,User talk:Prakashtyata,User:RA0808,English Wikipedia,Jesus
Agylla asakurana ,Taxonomy (biology),Taxidermy,Taxonomy (biology),Carl Linnaeus,Jesus
Basque Country national rugby union team ,Basque Country (autonomous community),Basque Country (greater region),Basque Country (autonomous community),Ignatius of Loyola,Jesus
Stonesetter ,Stonesetting,Bereavement in Judaism,Outline of Judaism,Judaism,Jesus
"Knud Herbert Sørensen (footballer, born 1934) ",Middelfart,Region of Southern Denmark,University of Southern Denmark,Denmark,Jesus
Saadaldeen Talib ,Hadhramaut,Arabian Peninsula,Demonym,Greeks,Jesus
Slattery Report ,Outline of Judaism,Outline (list),Hierarchy,God in Christianity,Jesus
Rubellimicrobium aerolatum ,Taxonomy (biology),Taxidermy,Taxonomy (biology),Carl Linnaeus,Jesus
Ventura Miguel Marcó del Pont ,Vigo,Municipality,Ponce City Hall,Weather vane,Jesus
The Office (American TV series) ,The Office (1995 TV series),Barbara Corday,Brooklyn,Renaissance,Jesus
Workers' Socialist Federation ,Sylvia Pankhurst,Manchester,City status in the United Kingdom,York Minster,Jesus
Kapawe'no 150D ,Indian reserve,Indian reservation,Reservation in India,Caste system in India,Jesus
Princess Margaret Secondary School (Surrey) ,"Surrey, British Columbia",List of cities in British Columbia,British Columbia,Hippie,Jesus
Macaduma cretacea ,Taxonomy (biology),Taxidermy,Taxonomy (biology),Carl Linnaeus,Jesus
Morgan Porteus ,Episcopal Diocese of Connecticut,United States,Americas,World,Jesus
Kreizler series ,The Alienist,O alienista,Machado de Assis,Portuguese name,Jesus
2013 European Athletics Junior Championships – Men's 100 metres ,2013 European Athletics Junior Championships,Rieti,Comune,Timeline of Italian history,Jesus
6th Indian Cavalry Brigade ,British Raj,History of India,History of the Republic of India,Gautama Buddha,Jesus
Zimbabwe Geological Survey ,Zimbabwe,Geographic coordinate system,Geodesy,Mesopotamia,Jesus
Mike Wegener ,Pitcher,Pitcher (container),Jesus
Dr. W.C. Wightman House ,National Register of Historic Places,Canadian Register of Historic Places,English language,Gospel of Matthew,Jesus
Rock and Rail LLC ,Reporting mark,Canadian Pacific Railway,Reporting mark,Turkey,Jesus
Stoney Burke (TV series) ,Jack Lord,Steve McGarrett,CBS,Good Times,Jesus
Jacquerie ,List of peasant revolts,Peasant,Izba,Frankincense,Jesus
Robert E. Fleming ,Ernest Hemingway,A Very Peculiar Practice,Andrew Davies (writer),The Wednesday Play,Jesus
Commotria phoenicias ,Taxonomy (biology),Taxidermy,Taxonomy (biology),Carl Linnaeus,Jesus
The Tower and the Hive ,Ace Books,Berkley Books,Penguin Random House,Star Wars,Jesus
1901 Duquesne Dukes football team ,Duquesne Dukes football,2019 Duquesne Dukes football team,Arthur J. Rooney Athletic Field,Geneva College,Jesus
Brennabor ,Baby transport,Jesus
Greenlight Networks ,List of legal entity types by country,Template:Lang,Language,Indonesian language,Jesus
Walter Edward Hoffman ,Senior status,Retirement,Financial market,Christmas club,Jesus
2009 ATP Studena Croatia Open Umag ,Russia,Geographic coordinate system,Geodesy,Mesopotamia,Jesus
Oliver Gascoigne ,Castle Oliver,Victorian architecture,London,Christians,Jesus
Pachyelasma ,Taxonomy (biology),Taxidermy,Taxonomy (biology),Carl Linnaeus,Jesus
Maluenda ,List of sovereign states,Lists of countries and territories,List of sovereign states,Holy See,Jesus
Hyposmocoma lacticretella ,Fauna Hawaiiensis,Fauna,Animal,Carl Linnaeus,Jesus
Allen Rice ,Baylor University,Latin,Colosseum,Icon,Jesus
Nunga ,Indigenous Australians,Aboriginal Australians,Indigenous Australians,Religion in Australia,Jesus
Danube Flotilla (Royal Navy) ,United Kingdom,Great Britain,United Kingdom,Irreligion in the United Kingdom,Jesus
Thomas Müller (skier) ,Nordic combined,Alpine skiing combined,International Olympic Committee,Turkey,Jesus
Law Society of the Cape of Good Hope v Windvogel ,Civil procedure,Talk:Civil procedure,Portal:Law,Religious law,Jesus
Hans Sennewald ,Rowing at the Summer Olympics,International Rowing Federation,Lausanne,Wine,Jesus
Agudat Sport Ashdod F.C. ,Ashdod,ISO 259,International Organization for Standardization,Acronym,Jesus
1919–20 British Home Championship ,British Home Championship,British Isles,Scots language,New Testament,Jesus
Tatyana Babashkina ,Russia,Geographic coordinate system,Geodesy,Mesopotamia,Jesus
"Isakovo, Velikoustyugsky District, Vologda Oblast ",Russia,Geographic coordinate system,Geodesy,Mesopotamia,Jesus
"National Register of Historic Places listings in Lewis County, Idaho ",National Register of Historic Places,Canadian Register of Historic Places,English language,Gospel of Matthew,Jesus
Teratogenesis (EP) ,Extended play,Sound recording and reproduction,Sound effect,Star Wars,Jesus
Drwinia ,Poland,Polska (dance),Swedish language,Denmark,Jesus
"Różyca, Łódź Voivodeship ",Poland,Polska (dance),Swedish language,Denmark,Jesus
Andrew Ball (sailor) ,New Zealand,Geographic coordinate system,Geodesy,Mesopotamia,Jesus
Broadway After Dark ,Monta Bell,Betty Lawford,United Kingdom,Irreligion in the United Kingdom,Jesus
"Katolički Školski Centar ""Sv.Franjo"" ",Nun,Buddhism,Standing Buddha,Gautama Buddha,Jesus
1944–45 Detroit Red Wings season ,Detroit Red Wings,Eastern Conference (NHL),Ice hockey,Denmark,Jesus
Jundiaí River (São Paulo) ,Brazil,Geographic coordinate system,Geodesy,Mesopotamia,Jesus
Ally Kovac ,Justine Clarke,Sydney,City of Sydney,Indonesian language,Jesus
Paul Cuisset ,French people,Demographics of France,Middle Ages,Renaissance,Jesus
Guides de la République Démocratique du Congo ,Democratic Republic of the Congo,Republic of the Congo,Democratic Republic of the Congo,Kimbanguism,Jesus
Bo Vesterdorf ,General Court (European Union),"Kirchberg, Luxembourg",Luxembourg,Trier,Jesus
Fiesta Noche del Rio ,Mexico,First Mexican Republic,Mexico,Protestantism,Jesus
Koedange ,Geographic coordinate system,Template:Coord,Wikidata,English Wikipedia,Jesus
Song Review: A Greatest Hits Collection ,Compilation album,Performing arts,Performance art,Antithesis,Jesus
CZ 75 ,Semi-automatic pistol,.45 ACP,World War I,Eastern Orthodox Church,Jesus
Kamocin ,Poland,Polska (dance),Swedish language,Denmark,Jesus
Begungram ,Bengali language,Bangala language,Democratic Republic of the Congo,Kimbanguism,Jesus
A. N. Yiannopoulos ,Milo Yiannopoulos,A. N. Yiannopoulos,Milo Yiannopoulos,Greeks,Jesus
Jeon Boram ,Bo-ram (name),Hangul,Alphabet,Syriac alphabet,Jesus
"Dubaj, Lasht-e Nesha ",Iran,Geographic coordinate system,Geodesy,Mesopotamia,Jesus
Galveston Seawall ,National Register of Historic Places,Canadian Register of Historic Places,English language,Gospel of Matthew,Jesus
Abortion in Turkey ,Abortion,Specialty (medicine),Medicine,Religion,Jesus
Central Mountain ,Mountain,Mount Ararat,Little Ararat,Turkey,Jesus
Mimasaka-Ochiai Station ,Okayama Prefecture,Prefectures of Japan,Unitary state,Lithuania,Jesus
Lars Holmqvist ,Orienteering,Land navigation,Orienteering,Denmark,Jesus
List of Statewide and Local Partners of the National Trust for Historic Preservation ,National Trust for Historic Preservation,"Washington, D.C.",Washington (state),George Washington,Jesus
Feelix Growing ,Robot,Atlas (robot),Search and rescue,Denmark,Jesus
Where My Country Gone? ,Trey Parker,"Conifer, Colorado",Unincorporated area,Denmark,Jesus
Judo at the 2019 European Games – Men's 66 kg ,Georgii Zantaraia,Gali (town),Georgian language,Georgians,Jesus
Argeathae ,Greece,Greek language,Proto-Greek language,Chariot,Jesus
Białe Jeziorki ,Poland,Polska (dance),Swedish language,Denmark,Jesus
John Morgan (priest) ,Dean of Waterford,Diocese of Cashel and Ossory,Ecclesiastical province,Christianity,Jesus
Lisa Robin Kelly ,"Southington, Connecticut","Trumbull County, Ohio",County (United States),George Washington,Jesus
Xia–Shang–Zhou Chronology Project ,Simplified Chinese characters,Talk:Simplified Chinese characters,Portal:China,Common Era,Jesus
Profetamine ,Counterfeit,Turkey,Jesus
Florida State Road 235 ,U.S. Route 441 in Florida,U.S. Route 441,"Fort Lauderdale, Florida",Calvary Chapel Fort Lauderdale,Jesus
Burkina Faso national basketball team ,FIBA,FIFA,FIFA (video game series),Neymar,Jesus
De Langste Reis ,Pieter Verhoeff,Lemmer,Netherlands,Christianity,Jesus
Benz(e)acephenanthrylene ,CAS Registry Number,Identifier,Ford Model T,Denmark,Jesus
Reshafim ,Geographic coordinate system,Template:Coord,Wikidata,English Wikipedia,Jesus
Nick Fish ,"Government of Portland, Oregon",Randy Leonard,Steve Novick,Parody,Jesus
Eyre's 1839 expeditions ,Edward John Eyre,Charles Henry Darling,Governor of Victoria,Lithuania,Jesus
Bedard Aspen Provincial Park ,Provincial park,Ischigualasto Provincial Park,Argentina,Evangelicalism,Jesus
2008 FIBA Europe Under-20 Championship ,Most valuable player,Minimum viable product,Silicon Valley (TV series),70th Primetime Emmy Awards,Jesus
Biathlon World Championships 2017 ,Biathlon World Cup,Northern Hemisphere,Antarctica,World,Jesus
Trebbiano ,Burger (grape),Pierre-Emerick Aubameyang,Arsenal F.C.,Monogram,Jesus
1979 Tipperary Senior Hurling Championship ,Thurles Sarsfields GAA,Tipperary GAA,Irish language,Tax collector,Jesus
Christina Surer ,Basel,Geographic coordinate system,Geodesy,Mesopotamia,Jesus
WSFL-FM ,City of license,United States,Americas,World,Jesus
Imbunche ,Folklore,Netherlandish Proverbs,Aka Manto,Ghost,Jesus
Journal of Liposome Research ,Talk:Journal of Liposome Research,Academic journal,Economics,Portal:Money,Jesus
Confine ,San Marino,Jesus
1600 Seventh Avenue ,Modern architecture,Contemporary architecture,Evolution Tower,Turkey,Jesus
Alan Melville ,Alan Melville (writer),Brighton,List of sovereign states,Holy See,Jesus
Shared Source Common Language Infrastructure ,Microsoft,Microsoft Redmond campus,Seattle,Soundgarden,Jesus
2013 Philippine Collegiate Championship ,De La Salle Green Archers,De La Salle University,Latin,Catholic Church,Jesus
Boris Brott ,Montreal,Listen to this article,Montreal,"Mary, mother of Jesus",Jesus
1822 in India ,India,Flag of India,National flag,National coat of arms,Jesus
Paracondyloides flavofasciatus ,Taxonomy (biology),Taxidermy,Taxonomy (biology),Carl Linnaeus,Jesus
1948 Cincinnati Reds season ,1948 Major League Baseball season,1948 in baseball,1948,Calendar era,Jesus
Ethnic groups in Chinese history ,Ethnic group,Ethnicities (journal),Outline of academic disciplines,Church music,Jesus
Charles B. McVay III ,"Ephrata, Pennsylvania",Borough (Pennsylvania),"Littlestown, Pennsylvania",Marriage,Jesus
Sara McLaughlin Mitchell ,Michigan State University,Michigan,U.S. state,Public holidays in the United States,Jesus
"Skoraczewo, Kuyavian-Pomeranian Voivodeship ","Skoraczewo, Greater Poland Voivodeship","Skoraczewo, Kuyavian-Pomeranian Voivodeship",Poland,Lithuania,Jesus
Soest-Bad Sassendorf Airfield ,"Soest, Germany","Talk:Soest, Germany",Portal:Germany,Denmark,Jesus
Ed Stokes ,J. Ed Stokes,Florida House of Representatives,Republican Party of Florida,List of political ideologies,Jesus
Austria-Hungary ,Geographic coordinate system,Template:Coord,Wikidata,English Wikipedia,Jesus
Polyura clitarchus ,Taxonomy (biology),Taxidermy,Taxonomy (biology),Carl Linnaeus,Jesus
Norwegian First Division (ice hockey) ,Ice hockey,Toronto Maple Leafs,Toronto,Catholic Church,Jesus
WTWA ,City of license,United States,Americas,World,Jesus
Spalgis tintinga ,Taxonomy (biology),Taxidermy,Taxonomy (biology),Carl Linnaeus,Jesus
List of highways numbered 17B ,Ontario Highway 17B,Ontario Highway 17,Winnipeg,J. S. Woodsworth,Jesus
Abdulvehab Ilhamija ,Bosnia Eyalet,Turkish language,Turkic languages,Missionary,Jesus
Pat McInally ,Punter (football),Shane Lechler,"East Bernard, Texas",Marriage,Jesus
Swainson Akroyd ,Streatham,"Streatham, Victoria",Victoria (Australia),Religion in Australia,Jesus
David Wylie (author) ,Talk:David Wylie (author),Portal:Biography,Jesus
Andrea Smith (academic) ,Harvard University,Heraldry of Harvard University,Harvard University,Congregationalism in the United States,Jesus
Narinder Bragta ,Member of the Legislative Assembly (India),Electoral district,Voting,Christadelphians,Jesus
Shaun Came ,Winsford,"Winsford, Somerset",Winsford,Salt,Jesus
2007 in Israel ,2006 in Israel,2005 in Israel,2004 in Israel,Sinai Peninsula,Jesus
"David M. Anthony House (Fall River, Massachusetts) ","Swansea, Massachusetts",New England town,Talk:New England town,User talk:Student7,Jesus
U.Jimshad ,Areekode,Geographic coordinate system,Geodesy,Mesopotamia,Jesus
MV Waily ,Saint Vincent and the Grenadines,Saint Vincent (Antilles),Garifuna language,Personal pronoun,Jesus
Pyrausta ferrifusalis ,Taxonomy (biology),Taxidermy,Taxonomy (biology),Carl Linnaeus,Jesus
Mal Stevens ,"Stockton, Kansas",City,List of urban areas by population,Toluca,Jesus
1973–74 Montreal Canadiens season ,Montreal Canadiens,Les Canadiens,Ice hockey,Denmark,Jesus
"Dubuque County, Iowa ",County (United States),Parish (administrative division),Parish,Christianity,Jesus
7 July 2005 London bombings memorials and services ,Timeline of the 2005 London bombings,7 July 2005 London bombings,Terrorism in the United Kingdom,Houri,Jesus
Amulet (film) ,Talk:Amulet (film),Portal:Film,Eadweard Muybridge,John Farnham,Jesus
Johann Heinrich Hottinger ,Switzerland,German language,Germanic languages,Chariot,Jesus
Wesley Harms ,Alkmaar,List of cities in the Netherlands by province,Netherlands,Christianity,Jesus
Automotive industry in Croatia ,AVL (engineering company),List of legal entity types by country,Management,Ronald Fisher,Jesus
Chinese People's Association for Friendship with Foreign Countries ,Simplified Chinese characters,Talk:Simplified Chinese characters,Portal:China,Common Era,Jesus
IEEE Donald O. Pederson Award in Solid-State Circuits ,Institute of Electrical and Electronics Engineers,Institution of Electrical Engineers,United Kingdom,Irreligion in the United Kingdom,Jesus
2019 FIBA U16 European Championship Division C ,Albania,Flag of Albania,National flag,National coat of arms,Jesus
At the Movies 1959–1974 ,Compilation album,Performing arts,Performance art,Antithesis,Jesus
Portland Indians ,Basketball,Basketball (ball),Basketball,Geneva College,Jesus
Mary of Shaftesbury ,Shaftesbury Abbey,Abbey,Abaye,Talmud,Jesus
History of the Israeli Air Force ,Modi Alon,David Ben-Gurion,Prime Minister of Israel,Jerusalem,Jesus
Sharon Gamson Danks ,Princeton University,"Princeton, New Jersey","Princeton Township, New Jersey",Marriage,Jesus
São João River (Cubatão River) ,Brazil,Geographic coordinate system,Geodesy,Mesopotamia,Jesus
Christmas (surname) ,Surname,Last Name (song),Single (music),Reggae,Jesus
Bert Thomas ,"Newport, Wales","Newport, Pembrokeshire",Welsh language,New Testament,Jesus
Euglossa hyacinthina ,Taxonomy (biology),Taxidermy,Taxonomy (biology),Carl Linnaeus,Jesus
Gösta Montell ,Sweden,Geographic coordinate system,Geodesy,Mesopotamia,Jesus
1917 in music ,1917 in British music,Category:British music by year,Portal:Music,Reggae,Jesus
List of rail accidents (1920–1929) ,Rail transport,Rail transport by country,Rail transport,Denmark,Jesus
List of Ferris wheels ,Ferris wheel,Ferris Wheel,Ferris wheel,Constantinople,Jesus
Ann Arbor Municipal Airport ,Airport terminal,Heathrow Airport,London,Christians,Jesus
Anthony Hamilton (fighter) ,"Kent, Washington",Geographic coordinate system,Geodesy,Mesopotamia,Jesus
Cleoniceras ,Cretaceous,Precambrian,Cryptozoic Entertainment,Wonder Woman (2017 film),Jesus
Julio César Strassera ,Buenos Aires,Greater Buenos Aires,Buenos Aires,Triumvirate,Jesus
Nandewar Range ,Mount Kaputar,New South Wales,New Britain (Canada),Denmark,Jesus
Yantra Cove ,Bransfield Strait,File:Antarctica relief location map.jpg,Antarctica,World,Jesus
Caitika ,Bojjannakonda,Geographic coordinate system,Geodesy,Mesopotamia,Jesus
This Is Hell (This Is Hell EP) ,Extended play,Sound recording and reproduction,Sound effect,Star Wars,Jesus
University of Copenhagen ,Latin,Colosseum,14 regions of Augustan Rome,Christians,Jesus
European route E12 ,Mo i Rana,List of towns and cities in Norway,Norway,Denmark,Jesus
Sir Harry Smith's Medal for Gallantry ,"Sir Harry Smith, 1st Baronet",Whittlesey,Cambridgeshire,List of monastic houses in England,Jesus
Subhashri ,Chennai,Megacity,List of urban areas by population,Toluca,Jesus
Re-trade ,Negotiation,Alternative dispute resolution,Arbitration,Justice,Jesus
Jane Alison ,Canberra,Australian Capital Territory,States and territories of Australia,Religion in Australia,Jesus
Everybody Get Up (Pitbull song) ,Single (music),Revolutions per minute,Minute,Computus,Jesus
Bibliotheca historica ,Universal history,World history,History of the world,Holocene calendar,Jesus
Pat McNamara (Irish politician) ,Mayor of Galway,Galway City Council,Fine Gael,List of political ideologies,Jesus
William Chapman (baritone) ,Baritone,Voice type,Countertenor,Jesus Christ Superstar,Jesus
Mark Haddon ,Northampton,Town,Germany,Christianity,Jesus
Gershkovich ,Mikhail Gershkovich,Moscow,Spasskaya Tower,Acheiropoieta,Jesus
Bartnicki v. Vopper ,Supreme Court of the United States,Listen to this article,Supreme Court of the United States,George Washington,Jesus
Mike Hamel ,Jerry Colangelo,Jesus
Nguyễn Hoàng Minh ,Vietnam,Geographic coordinate system,Geodesy,Mesopotamia,Jesus
Johnstone North railway station ,"Glasgow, Paisley, Kilmarnock and Ayr Railway",Template:Infobox rail,Reporting mark,Turkey,Jesus
Bad Wünnenberg ,Geographic coordinate system,Template:Coord,Wikidata,English Wikipedia,Jesus
Statue of Edward Everett Hale ,Edward Everett Hale,Boston,"Boston, Lincolnshire",Missionary,Jesus
"Regional Museum of Natural History, Bhopal ",Geographic coordinate system,Template:Coord,Wikidata,English Wikipedia,Jesus
West Indian cricket team in Bangladesh in 2012–13 ,Mushfiqur Rahim,Talk:Mushfiqur Rahim,Portal:Biography,Jesus
William Molesworth (British Army officer) ,Andaman Islands,Bay of Bengal,South Asia,Islam,Jesus
"Forreston, Texas ",Geographic coordinate system,Template:Coord,Wikidata,English Wikipedia,Jesus
Save Me (Silver Convention song) ,Euro disco,Social Dancing,Social dance,Assyrian people,Jesus
"Clinton, Massachusetts ",New England town,Talk:New England town,Portal:Politics,Angel,Jesus
Patna Training College ,Patna,Patna district,Patna,Gautama Buddha,Jesus
Neufeld (surname) ,Russian Mennonite,Mennonites in Mexico,Spanish language,Classical Latin,Jesus
Fenian Cycle ,Category:Celtic mythology,Narrative,Description,Virtue ethics,Jesus
Pethia striata ,Taxonomy (biology),Taxidermy,Taxonomy (biology),Carl Linnaeus,Jesus
Li Dazhao ,Chinese name,Chinese language,Standard Chinese,Indonesian language,Jesus
Marcelo Ramírez ,Spanish naming customs,Naming customs of Hispanic America,Spanish naming customs,Christianity,Jesus
Square packing in a square ,List of unsolved problems in mathematics,Riemann zeta function,Physics,Mesopotamia,Jesus
"Tolombeh-ye Naseriyeh, Rigan ",Iran,Geographic coordinate system,Geodesy,Mesopotamia,Jesus
Popcorn (2007 film) ,Darren Paul Fisher,Bond University,Private university,Sogang University,Jesus
Wilfred Corrigan ,Fairchild Semiconductor,Talk:Fairchild Semiconductor,Portal:California,Hippie,Jesus
INS Nirdeshak ,IMO number,Eendracht (1989 ship),Netherlands,Christianity,Jesus
Jan Kirchhoff ,FC Bayern Munich,FC Bayern Munich (women),Karl-Heinz Rummenigge,Neymar,Jesus
Maneckiite ,Phosphate,Organophosphate,Ester,Blackberry,Jesus
William Hey (surgeon) ,Surgeon,Sturgeon,Holocene,Holocene calendar,Jesus
Carl Russell Fish ,"Central Falls, Rhode Island",City,List of urban areas by population,Toluca,Jesus
Tết Đoan Ngọ ,Cantonese,Yue Chinese,Cantonese people,Indonesian language,Jesus
Experience Curiosity ,NASA,Listen to this article,NASA,Jimmy Carter,Jesus
Review Your Choices ,Album,Phonograph record,Spiral,Golden ratio,Jesus
List of Egyptian films of 1907 ,Cinema of Egypt,Projection screen,Movie theater,Turkey,Jesus
Tone Center Records ,Tonic (music),Music,Paleolithic,Ethiopia,Jesus
Blue Stompin' ,Album,Phonograph record,Spiral,Golden ratio,Jesus
Palermo - Milan One Way ,Claudio Fragasso,Bruno Mattei,Italy,Anno Domini,Jesus
Alfonso Nieto ,Spanish naming customs,Naming customs of Hispanic America,Spanish naming customs,Christianity,Jesus
Common wallaroo ,Conservation status,IUCN Red List,International Union for Conservation of Nature,Denmark,Jesus
Trichlorophenol ,Organochloride,Chloroform,Density,Wreath,Jesus
Peixoto's theorem ,Dynamical system,Dynamical system (definition),Mathematics,Truth,Jesus
Arizona Colt ,Michele Lupo,Corleone,Sicilian language,Greeks,Jesus
OR52K1 ,Gene nomenclature,Nomenclature,Communication,Nous,Jesus
Fell running ,Norway,Northern Sami language,Norway,Denmark,Jesus
River Ashburn ,England,Flag of England,Civil flag,List of Puerto Rican flags,Jesus
Pornóapáti ,Geographic coordinate system,Template:Coord,Wikidata,English Wikipedia,Jesus
Governors of Skåne County ,County administrative boards of Sweden,Counties of Sweden,Basic Laws of Sweden,Blasphemy,Jesus
Hydnocarpus annamensis ,Conservation status,IUCN Red List,International Union for Conservation of Nature,Denmark,Jesus
William McEwan ,Edinburgh Central (UK Parliament constituency),Edinburgh Central (Scottish Parliament constituency),Scottish Parliament,Faith,Jesus
"Fort Belknap Agency, Montana ",Fort Belknap (Texas),"Fort Belknap Agency, Montana",Texas,Christianity,Jesus
2012 Latin American Table Tennis Cup ,Costa Rica,"Costa Rica, Sinaloa",Mexico,Protestantism,Jesus
Eduard ,Talk:Eduard,Portal:Companies,User:Northamerica1000,English Wikipedia,Jesus
Justin Tuck ,Defensive end,Gridiron football,American football,Mason Crosby,Jesus
Crime in California ,Crime,Offender (film),Kimberley Nixon,Celebrity Mastermind,Jesus
Gahmar railway station ,List of railway stations in India,Rail transport in India,Indian Railways,Goa,Jesus
Terry McAuliffe (priest) ,Portal:Christianity,Jesus
1995 Solihull Metropolitan Borough Council election ,Solihull Metropolitan Borough Council,Conservative Party (UK),Boris Johnson,Islam,Jesus
Centropogon occultus ,Conservation status,IUCN Red List,International Union for Conservation of Nature,Denmark,Jesus
Eyzerac ,Communes of France,Paris Commune,France,Christians,Jesus
Institute of Group Analysis ,S. H. Foulkes,Karlsruhe,Germany,Christianity,Jesus
Connie Boochever ,"Decatur, Illinois",City,List of urban areas by population,Toluca,Jesus
The Stone of the Witch Queen ,L. Sprague de Camp,Catherine Crook de Camp,L. Sprague de Camp,Christianity,Jesus
Oba Chandler ,Ohio,Ohio River,United States,God,Jesus
Greece at the 2005 World Championships in Athletics ,Sports governing body,Sport of athletics,Sports governing body,Catholic Church,Jesus
Zhuye Lake ,Talk:Zhuye Lake,Portal:China,Geography of China,Nile,Jesus
"Raush, Davlekanovsky District, Republic of Bashkortostan ",Russia,Geographic coordinate system,Geodesy,Mesopotamia,Jesus
Wertz Mill ,National Register of Historic Places,Canadian Register of Historic Places,English language,Gospel of Matthew,Jesus
Jermaine Jackson discography ,Jermaine Jackson,"Gary, Indiana",City,Mesopotamia,Jesus
Des Cole ,St Kilda Football Club,Southern Melbourne Saints,Melbourne,Christianity,Jesus
Family Life (Amish magazine) ,Magazine,Quartering (heraldry),Coat of arms,Hyghalmen Roll,Jesus
Par Chinak ,Geographic coordinate system,Template:Coord,Wikidata,English Wikipedia,Jesus
James Calhoun ,Atlanta,Atalanta,Atlanta,Judaism,Jesus
Uganda National Rescue Front ,Uganda,Geographic coordinate system,Geodesy,Mesopotamia,Jesus
Gobowen railway station ,National Rail,Network Rail,List of legal entity types by country,Indonesian language,Jesus
Peabody-Fitch House ,National Register of Historic Places,Canadian Register of Historic Places,English language,Gospel of Matthew,Jesus
Koningo ,Mount Meru,Meru Peak,Mount Meru,Krishna,Jesus
MasterChef (Brazilian season 3) ,Brazil,Geographic coordinate system,Geodesy,Mesopotamia,Jesus
Black Metal Jesus ,Album,Phonograph record,Spiral,Golden ratio,Jesus
Vexillum croceostoma ,Taxonomy (biology),Taxidermy,Taxonomy (biology),Carl Linnaeus,Jesus
Constance of Burgundy ,Talk:Constance of Burgundy,Portal:History,Wikipedia talk:WikiProject Portals/Tasks,Portal:Evangelical Christianity,Jesus
Granton Samboja ,Incumbent,Barcelona Open (tennis),Barcelona,Arabs,Jesus
Jennifer Mundel ,South Africa,Southern Africa,South Africa,Ethiopia,Jesus
Monte Davidoff ,United States,Americas,Demonym,Greeks,Jesus
Special Economic Zones in Russia ,Foreign direct investment,Investment,Interest,First Council of Nicaea,Jesus
Sydney Gateway ,New South Wales,New Britain (Canada),New France,Utopia,Jesus
Cassels Lake ,Geographic coordinate system,Template:Coord,Wikidata,English Wikipedia,Jesus
Source upgrade ,Computer programming,Chess,Staunton chess set,Crown (headgear),Jesus
Ursula Dronke ,Medieval studies,Listen to this article,Medieval studies,Decline of Greco-Roman polytheism,Jesus
1879 Gladstone by-election ,List of New Zealand by-elections,New Zealand House of Representatives,52nd New Zealand Parliament,Golriz Ghahraman,Jesus
Catephia thricophora ,Taxonomy (biology),Taxidermy,Taxonomy (biology),Carl Linnaeus,Jesus
La Fuente de San Esteban ,Municipalities of Spain,Municipality,Ponce City Hall,Weather vane,Jesus
Six Colours Frenesi ,Music video,Short film,Feature film,From the Manger to the Cross,Jesus
Wolfsbane (album) ,Album,Phonograph record,Spiral,Golden ratio,Jesus
History of Buddhism in India and Tibet ,Talk:History of Buddhism in India and Tibet,Portal:Books,Wikipedia talk:WikiProject Portals/Tasks,Portal:Evangelical Christianity,Jesus
The Story of the Daughters of Quchan ,Talk:The Story of the Daughters of Quchan,Portal:Books,Wikipedia talk:WikiProject Portals/Tasks,Portal:Evangelical Christianity,Jesus
Star Dancer ,Beth Webb,United Kingdom,Great Britain,Pseudohistory,Jesus
Miracle at the New Meadowlands ,Miracle at the Meadowlands,Miracle at the New Meadowlands,Miracle at the Meadowlands,Scapegoat,Jesus
Seymour Kirkup ,William Blake,Thomas Phillips,Talk:Thomas Phillips,Portal:Biography,Jesus
Robert C. Rusack ,Episcopal Diocese of Los Angeles,Roman Catholic Archdiocese of Los Angeles,United States,God,Jesus
Battle of Savage's Station ,American Civil War,Battle of Gettysburg,Eastern Theater of the American Civil War,Origins of the American Civil War,Jesus
Yan Senkevich ,Grodno,Talk:Grodno,Grodno,Lithuania,Jesus
No. 5 Operational Training Unit RAAF ,Royal Australian Air Force,Royal Auxiliary Air Force,United Kingdom,Irreligion in the United Kingdom,Jesus
Miconia pausana ,Conservation status,IUCN Red List,International Union for Conservation of Nature,Denmark,Jesus
Cú Coirne Ua Madudhan ,Diarmaid Ua Madadhan,Madudan Reamhar Ua Madadhan,County Galway,Christianity,Jesus
Area of Natural and Scientific Interest ,Government of Ontario,Coat of arms of Ontario,Armiger,National coat of arms,Jesus
Clive Exton ,Agatha Christie,Jesus
Gabrielle Solis ,Eva Longoria,Evan Longoria,Eva Longoria,Sheba,Jesus
Dennis Lawrence (cross-country skier) ,Canadians,Listen to this article,Canadians,Western culture,Jesus
"Fabbrica, Peccioli ",Frazione,Comune,Commune,Unitarianism,Jesus
Algebra of physical space ,Template:Algebra of Physical Space,Template talk:Algebra of Physical Space,User talk:Purgy Purgatorio,User talk:Cullen328,Jesus
Dodge Creek ,Stream,Aubach (Wiehl),North Rhine-Westphalia,Turkey,Jesus
Pajtim Statovci ,Finns,Finland,Finnish language,Mikael Agricola,Jesus
Things Unseen (album) ,Album,Phonograph record,Spiral,Golden ratio,Jesus
Persoonia laxa ,Conservation status,IUCN Red List,International Union for Conservation of Nature,Denmark,Jesus
Yukina Ota ,Japan,Flag of Japan,Japan,Common Era,Jesus
Ivo Schaible ,Talk:Ivo Schaible,Template talk:WikiProject Articles for creation,User talk:Circeus,Denmark,Jesus
Mike Staines ,Olympic Games,2018 Winter Olympics,2018 Winter Olympics opening ceremony,Lithuania,Jesus
Theodore Low De Vinne ,Chester Beach,United States,Americas,World,Jesus
Austin Fire Department ,United States,Americas,Demonym,Greeks,Jesus
Guðmundsson ,Surname,Last Name (song),Single (music),Reggae,Jesus
"Qarabağlı, Şabran ",Geographic coordinate system,Template:Coord,Wikidata,English Wikipedia,Jesus
Vibriobactin ,Chemical nomenclature,Systematic name,Nomenclature,Name,Jesus
Karsten Thielker ,Associated Press,Associated Press Service,Pakistan,Islam,Jesus
Mein Block ,Single (music),Revolutions per minute,Minute,Computus,Jesus
Group development ,Group conflict,Discontinuity effect,Psychology,Idiot,Jesus
Benefit cap ,Welfare cap,Benefit cap,Welfare Reform Act 2012,Suicide,Jesus
Pedro Joseph de Lemos ,"Palo Alto, California","Santa Clara County, California",List of counties in California,Biblical Magi,Jesus
Kim Sohyi ,MasterChef Korea,Cooking,Outline of food preparation,Salt,Jesus
Emmett Hendricks ,"Natchitoches, Louisiana",Geographic coordinate system,Geodesy,Mesopotamia,Jesus
1997 World Rally Championship ,World Rally Championship,World Rally Championship (video game series),Video game publisher,Christmas,Jesus
Acetolactate synthase ,Arabidopsis thaliana,Taxonomy (biology),Evolution,Divinity,Jesus
Jonathan Z. Smith ,History of religion,History of Religions (journal),Outline of academic disciplines,Church music,Jesus
Channel reliability ,Telecommunication,Opte Project,Internet,English Wikipedia,Jesus
"Dode, Kent ",Kent,Counties of England,County,Denmark,Jesus
Descartes' Error ,International Standard Book Number,Check digit,Binary number,Ramon Llull,Jesus
Cambodia at the 2018 Asian Para Games ,List of IOC country codes,International Olympic Committee,Talk:International Olympic Committee,User talk:Evanh2008,Jesus
Warren Storm ,Talk:Warren Storm,Main Page,Wikipedia,English Wikipedia,Jesus
"Groves, Texas ",City,Settlement hierarchy,List of urban areas by population,Toluca,Jesus
Luxembourg in the Eurovision Song Contest 1986 ,Eurovision Song Contest 1986,Grieg Hall,Norway,Denmark,Jesus
Miss Earth Ecuador 2018 ,"Cuenca, Ecuador","Talk:Cuenca, Ecuador","Cuenca, Ecuador",Cusco,Jesus
Grêmio Esportivo Glória ,Kit (association football),Association football,Football,Shrove Tuesday,Jesus
Omeria Scott ,Mississippi House of Representatives,Lower house,Legislature,Religious law,Jesus
Samuel Fox (industrialist) ,"Bradwell, Derbyshire",Derbyshire,Counties of England,List of cultural icons of England,Jesus
Gmina Leśniowice ,Gmina,Administrative divisions of Poland,Voivodeships of Poland,Lithuania,Jesus
Dame Diop ,Louga,Talk:Louga,Portal:Africa,Ethiopia,Jesus
772d Expeditionary Airlift Squadron ,United States,Americas,Demonym,Greeks,Jesus
Angampora ,Strike (attack),United States Marine Corps,Marines,Enrico Dandolo,Jesus
Pinneshiri (Kabato) ,Summit,Summit (meeting),Head of state,George Washington,Jesus
Iso Mutsu ,Japan,Flag of Japan,Japan,Common Era,Jesus
Blood in Dispute ,Andrea Torres,Metro Manila,Manila,Islam,Jesus
Sidney Painter ,New York City,Midtown Manhattan,Central business district,Crown (headgear),Jesus
Laurie Anderson ,"Glen Ellyn, Illinois",Geographic coordinate system,Geodesy,Mesopotamia,Jesus
High reliability organization ,Organization,Business administration,Management,Ronald Fisher,Jesus
Ahrensburg West (Hamburg U-Bahn station) ,Talk:Ahrensburg West (Hamburg U-Bahn station),Portal:Germany,User:Kusma,English Wikipedia,Jesus
Klaus Ambrosch ,Knittelfeld,Geographic coordinate system,Geodesy,Mesopotamia,Jesus
R1 expressway (Slovakia) ,European route E58,Talk:European route E58,Portal:Romania,Byzantine Empire,Jesus
Railmen Drum and Bugle Corps (2013) ,"Papillion, Nebraska",City,List of urban areas by population,Toluca,Jesus
Shaggfest ,Geographic coordinate system,Template:Coord,Wikidata,English Wikipedia,Jesus
Etchū-Yatsuo Station ,Takayama Main Line,Track gauge,Rapid transit track gauge,Denmark,Jesus
Irish Caribbean ,Caribbean,Caribbean people,Caribbean Community,Christianity,Jesus
John Austin Wharton (1806–38) ,William H. Wharton,Republic of Texas,Spanish language,Classical Latin,Jesus
Martin Islands ,Martin Islands (Antarctica),Martin Island (Antarctica),Antarctica,World,Jesus
Zambia women's national cricket team ,Zambia Cricket Union,Cricket,Cricket (insect),The Cricket on the Hearth,Jesus
You Should Be Mine (The Woo Woo Song) ,Single (music),Revolutions per minute,Minute,Computus,Jesus
Pacucha District ,Pacocha District,Pacucha District,List of sovereign states,Holy See,Jesus
Besmir Arifaj ,Albania,Flag of Albania,National flag,National coat of arms,Jesus
Promod Maduwantha ,Colombo,Columbo,Colombo,Gautama Buddha,Jesus
Brian Ledbetter ,Sailing (sport),Port Jackson,Sydney,Pope Benedict XVI,Jesus
Stormsrivier ,Geographic coordinate system,Template:Coord,Wikidata,English Wikipedia,Jesus
Yosef Abu Laben ,Talk:Yosef Abu Laben,Portal:Biography,Jesus
Antonovskaya ,Russia,Geographic coordinate system,Geodesy,Mesopotamia,Jesus
Demenika ,Geographic coordinate system,Template:Coord,Wikidata,English Wikipedia,Jesus
"Zajdi, zajdi, jasno sonce ",Song,Singing,Music,Western culture,Jesus
Right-to-try law ,Experimental drug,Drug,Caffeine,Suicide,Jesus
List of minor planets: 100001–101000 ,List of minor planets,Minor Planet Center,Asteroid,Crucifix,Jesus
Shock pulse method ,Condition monitoring,Predictive maintenance,Infrared,Weather forecasting,Jesus
Voortrekker (yacht) ,South Africa,Southern Africa,South Africa,Ethiopia,Jesus
William J. Yokes ,"Franklin, Pennsylvania","Franklin, Cambria County, Pennsylvania","Franklin, Pennsylvania",Marriage,Jesus
Maure-de-Bretagne ,Geographic coordinate system,Template:Coord,Wikidata,English Wikipedia,Jesus
Orly ,Template:Translated page,Template:Translated page/doc,Featured content – the best of Wikipedia,List of Dewey Decimal classes,Jesus
Melbourne tram route 6 ,Moreland railway station,"Coburg, Victoria",Melbourne,Christianity,Jesus
Soundwave 2009 ,Compilation album,Performing arts,Performance art,Antithesis,Jesus
