Cyclin D ,Cyclin D1,Cyclin D,Drosophila,Wine,Jesus
cloudControl ,List of legal entity types by country,Template:Lang,Language,Indonesian language,Jesus
Palmer DePaulis ,Ted Wilson (mayor),List of mayors of Salt Lake City,Salt Lake City,The Church of Jesus Christ of Latter-day Saints,Jesus
Spira mirabilis (orchestra) ,Formigine,Comune,Commune,Unitarianism,Jesus
Mesothen aurata ,Taxonomy (biology),Taxidermy,Taxonomy (biology),Carl Linnaeus,Jesus
Johnston (typeface) ,Typeface,Font family (HTML),HTML element,Acronym,Jesus
Alpenrod ,Geographic coordinate system,Template:Coord,Wikidata,English Wikipedia,Jesus
Grace Knapp ,Bitlis,Municipality,Ponce City Hall,Weather vane,Jesus
Trifurcula trasaghica ,Taxonomy (biology),Taxidermy,Taxonomy (biology),Carl Linnaeus,Jesus
The Brink (TV series) ,Political satire,Talk:Political satire,Portal:Comedy,Parody,Jesus
Hydrophis fasciatus ,Conservation status,IUCN Red List,International Union for Conservation of Nature,Denmark,Jesus
Tourism in North East India ,Northeast India,Country,List of states with limited recognition,Holy See,Jesus
B3GNT1 ,Gene nomenclature,Nomenclature,Communication,Nous,Jesus
Anthicinae ,Taxonomy (biology),Taxidermy,Taxonomy (biology),Carl Linnaeus,Jesus
Miss America (DC Comics) ,Miss America (Marvel Comics),Marvel Comics,The Walt Disney Company,Star Wars,Jesus
Fluntern Cemetery ,Emil Abderhalden,Oberuzwil,List of sovereign states,Holy See,Jesus
William Rathbone Greg ,Manchester,Listen to this article,Manchester,Lord,Jesus
Izala Society ,Jos,Geographic coordinate system,Geodesy,Mesopotamia,Jesus
Jim Morris (playwright) ,Birkenhead,Birkenhead Town Hall,Birkenhead,British Board of Film Classification,Jesus
Berne frank ,Duplone,Berne frank,Switzerland,Tiberius,Jesus
Bucharest Business Week ,Romania,Geographic coordinate system,Geodesy,Mesopotamia,Jesus
Federal Project Number One ,Works Progress Administration,Federal Emergency Relief Administration,Franklin D. Roosevelt,George Washington,Jesus
Muri Kaseh ,Iran,Geographic coordinate system,Geodesy,Mesopotamia,Jesus
Carl Fogarty ,A History of Violence,David Cronenberg,Order of Canada,Hebrews 11,Jesus
Waitara River ,"Waitara, New Zealand",Waitara River,"Waitara, New Zealand",Sheep,Jesus
Shushkovka ,Burned house horizon,Chalcolithic,Stone Age,Common Era,Jesus
Equality Party of Quebec candidates in the 2003 Quebec provincial election ,Equality Party (Quebec),Quebec,Quebec French,Catholic Church,Jesus
List of county courthouses in Georgia (U.S. state) ,U.S. state,Commonwealth (U.S. state),U.S. state,Public holidays in the United States,Jesus
Joel Tippett ,Southport Australian Football Club,North East Australian Football League,Australia,Religion in Australia,Jesus
Ascalenia crypsiloga ,Taxonomy (biology),Taxidermy,Taxonomy (biology),Carl Linnaeus,Jesus
Dolnji Vrh ,Geographic coordinate system,Template:Coord,Wikidata,English Wikipedia,Jesus
SS Imperator ,German Empire,German language,Germanic languages,Chariot,Jesus
Richard W. Guenther ,United States House of Representatives,Listen to this article,United States House of Representatives,Prayer,Jesus
North Danville Historic District ,National Register of Historic Places,Canadian Register of Historic Places,English language,Gospel of Matthew,Jesus
"Left, Right & Center ",Left Right and Centre,Sidney Gilliat,Cheshire,Liverpool Cathedral,Jesus
"Hoseynabad, Bafq ",Geographic coordinate system,Template:Coord,Wikidata,English Wikipedia,Jesus
Hatamunagala ,Sri Lanka,Geographic coordinate system,Geodesy,Mesopotamia,Jesus
Jane Hartwell ,Film producer,Production company,Performing arts,Pantomime,Jesus
William Knight (martyr) ,Selby District,Geographic coordinate system,Geodesy,Mesopotamia,Jesus
Permalco ,Perm,Perm (hairstyle),Bob cut,Dreadlocks,Jesus
"5th Battalion, 4 Gorkha Rifles ",India,Flag of India,National flag,National coat of arms,Jesus
Sirkka-Liisa Konttinen ,Anjalankoski,File:Finland adm location map.svg,Demographics of Finland,Denmark,Jesus
Resurrection (Cecco del Caravaggio) ,Cecco del Caravaggio,Caravaggio,Ottavio Leoni,Valentin de Boulogne,Jesus
Roberts–Carter House ,National Register of Historic Places,Canadian Register of Historic Places,English language,Gospel of Matthew,Jesus
ㅂ ,Hangul,Alphabet,Writing system,Indonesian language,Jesus
ULMA Handling Systems ,List of legal entity types by country,Template:Lang,Language,Indonesian language,Jesus
Yamahata Cave Tomb Cluster ,Japan,Flag of Japan,Japan,Common Era,Jesus
Shōnan-Fukasawa Station ,Kanagawa Prefecture,Prefectures of Japan,Unitary state,Lithuania,Jesus
John Chalstrey ,Master of Arts,Talk:Master of Arts,Education,Mosaic,Jesus
Kodi (software) ,Talk:Kodi (software),Kodi (software),Windows Vista,Christmas and holiday season,Jesus
Nothing to Declare (album) ,Album,Phonograph record,Spiral,Golden ratio,Jesus
Altaria (band) ,Jakobstad,Coat of arms of Jakobstad,Jakobstad,Denmark,Jesus
History of Bristol Rovers F.C. ,Association football,Listen to this article,Featured content – the best of Wikipedia,List of Dewey Decimal classes,Jesus
Tulsi Gowda ,Ankola,Geographic coordinate system,Geodesy,Mesopotamia,Jesus
Ali Kand ,Geographic coordinate system,Template:Coord,Wikidata,English Wikipedia,Jesus
Mohamed El-Kemissi ,Jendouba,Tunisia,French language,Classical Latin,Jesus
"Gonzalo González (footballer, born 1993) ","Rocha, Uruguay","Talk:Rocha, Uruguay",Geography of Uruguay,Sheep,Jesus
Charles C. Paine ,Wisconsin State Assembly,Lower house,Legislature,Religious law,Jesus
Marlboro Township Public School District ,Geographic coordinate system,Template:Coord,Wikidata,English Wikipedia,Jesus
Linux Tour ,Linux,Linux kernel,Linus Torvalds,Separation of church and state,Jesus
Nicolae Marinescu ,Nicolae Marinescu (general),Talk:Nicolae Marinescu (general),Portal:Romania,Byzantine Empire,Jesus
Centro District ,Geographic coordinate system,Template:Coord,Wikidata,English Wikipedia,Jesus
National Museum of Damascus ,Damascus,Syriac language,Jesus
Vancouver Special ,Talk:Vancouver Special,Portal:Canada,Portal:Canada/Indices,Leonard Cohen,Jesus
"Memorial Gates, London ",United Kingdom,Great Britain,United Kingdom,Irreligion in the United Kingdom,Jesus
Wolves (1930 film) ,Albert de Courville,Croydon,Greater London,Turkey,Jesus
Pseudamnicola chia ,Conservation status,IUCN Red List,International Union for Conservation of Nature,Denmark,Jesus
Dodge WC54 ,Fargo Trucks,Wells Fargo,San Francisco,Hippie,Jesus
List of near threatened insects ,Data deficient,Conservation status,Extinction,Thomas Jefferson,Jesus
2000 United States presidential election in Oregon ,2000 United States presidential election,2000 United States elections,Bill Clinton,Georgetown University,Jesus
Palestinian Jews ,Outline of Judaism,Outline (list),Hierarchy,God in Christianity,Jesus
Djurdjura National Park ,National park,Park,Adelaide,Eastern Orthodox Church,Jesus
The Lord of the Rings Online: Mordor ,Video game developer,Video game industry,Game design,Devil,Jesus
Metro Atlantic Athletic Conference Men's Ice Hockey Tournament ,Metro Atlantic Athletic Conference,National Collegiate Athletic Association,Indianapolis,Cardinal (Catholic Church),Jesus
"Kis, Babol Kenar ",Iran,Geographic coordinate system,Geodesy,Mesopotamia,Jesus
Saint Mary's Redoubt ,Comino,Gozo,Gozo Region,Nadur,Jesus
Li Zhaoyi (taekwondo) ,China,Taiwan,China,Xi Jinping,Jesus
Uppvidinge Municipality ,Municipalities of Sweden,Counties of Sweden,Basic Laws of Sweden,Blasphemy,Jesus
Rodewald (surname) ,Alfred Edward Rodewald,Edward Elgar,Enigma Variations,Jesus
MRU Super Cup ,Geography of association football,Association football,Football,Shrove Tuesday,Jesus
Symbols of Tirana ,Tirana,Municipalities of Albania,Albanian language,Turkey,Jesus
Denais Stack ,Geographic coordinate system,Template:Coord,Wikidata,English Wikipedia,Jesus
Paul Doumer ,President of France,Emmanuel Macron,President of France,Louis IX of France,Jesus
Meanings of minor planet names: 119001–120000 ,Meanings of minor planet names,Minor Planet Center,Asteroid,Crucifix,Jesus
"Rusk, Texas ","Rusk County, Texas","Rusk, Texas",City,Mesopotamia,Jesus
Ramayana (Rajagopalachari book) ,C. Rajagopalachari,Rajaji (film),Bollywood,Buddhist mythology,Jesus
Borough Hall of the Borough of Waynesboro ,National Register of Historic Places,Canadian Register of Historic Places,English language,Gospel of Matthew,Jesus
Florida Gulf Coast Eagles women's basketball ,Karl Smesko,Atlantic Sun Conference,NCAA Division I,Georgetown University,Jesus
Ganz Works ,List of legal entity types by country,Template:Lang,Language,Indonesian language,Jesus
Handicap principle ,Hypothesis,Theorem,Pythagorean theorem,Mesopotamia,Jesus
Down by the River (novel) ,The Playboy of the Western World,John Millington Synge,Rathfarnham,Saint,Jesus
"Tha Pho, Phitsanulok ",Phitsanulok Province,Provinces of Thailand,Province,Indonesian language,Jesus
Kotha Palem ,Tallur,India,Flag of India,Sister Nivedita,Jesus
Robert Howard (athlete) ,"Little Rock, Arkansas",List of capitals in the United States,Capital city,Constantinople,Jesus
The Platinum Collection (David Bowie album) ,Compilation album,Performing arts,Performance art,Antithesis,Jesus
Sangeeta Samrat ,Rajashri,Vizianagaram,City,Mesopotamia,Jesus
Snowglobe (band) ,Indie rock,Punk rock,Garage rock,The Beatles,Jesus
Opostega chalcoplethes ,Taxonomy (biology),Taxidermy,Taxonomy (biology),Carl Linnaeus,Jesus
Endschütz ,Geographic coordinate system,Template:Coord,Wikidata,English Wikipedia,Jesus
1960–61 Eerste Divisie ,Eerste Divisie,Geography of association football,FIFA,Corruption,Jesus
Zatoichi and the One-Armed Swordsman ,Kimiyoshi Yasuda,IMDb,Amazon (company),Black Friday (shopping),Jesus
Rein Maran ,Tartu,Geographic coordinate system,Geodesy,Mesopotamia,Jesus
Serhiy Leshchenko ,Talk:Serhiy Leshchenko,Portal:Biography,Jesus
Soul Mining ,Album,Phonograph record,Spiral,Golden ratio,Jesus
Banded pipefish ,Conservation status,IUCN Red List,International Union for Conservation of Nature,Denmark,Jesus
2019 Engie Open de Seine-et-Marne – Doubles ,2019 Engie Open de Seine-et-Marne,Tennis court,International Tennis Federation,Denmark,Jesus
Hexaplex cichoreum ,Gastropod shell,Snail Shell Cave,Limestone,Turkey,Jesus
Yusuf (surah) ,Quran,Jesus
Austin Riley ,Third baseman,David Wright,"Norfolk, Virginia",Marriage,Jesus
"House, North Carolina ",Geographic coordinate system,Template:Coord,Wikidata,English Wikipedia,Jesus
Local Court of New South Wales ,James Barnet,"Forest Lodge, New South Wales",Sydney,Pope Benedict XVI,Jesus
Tuckers Solicitors ,Tucker (surname),Old English,Beowulf,Christianity,Jesus
Red Rock Lakes Wilderness ,Wilderness area,Strict nature reserve,Protected area,Qianlong Emperor,Jesus
West Indian cricket team in England in 2007 ,Shivnarine Chanderpaul,"Orders, decorations, and medals of Guyana",Guyana,Christians,Jesus
Homosexuality in the Hebrew Bible ,Talk:Homosexuality in the Hebrew Bible,Homosexuality in the Hebrew Bible,Talk:Homosexuality in the Hebrew Bible,Portal:Christianity,Jesus
Texas Army National Guard ,Texas,U.S. state,Commonwealth (U.S. state),John Adams,Jesus
Paris by Night 88 ,Paris by Night,Paris by Night (1988 film),Thriller film,Guilt (emotion),Jesus
Vestfjorddalen (Svalbard) ,Indre Wijdefjorden National Park,National park,Conservation (ethic),Romanticism,Jesus
National CleanUp Day ,United States,Americas,Demonym,Greeks,Jesus
"Avoca, Minnesota ",List of sovereign states,Lists of countries and territories,List of sovereign states,Holy See,Jesus
"Calaca, Batangas ",Municipalities of the Philippines,List of cities and municipalities in the Philippines,List of Philippine city name etymologies,Saint Joseph,Jesus
Careful (album) ,Album,Phonograph record,Spiral,Golden ratio,Jesus
Vegetal rotation ,Morphogenesis,Morphogenesis (band),United Kingdom,Irreligion in the United Kingdom,Jesus
James White (basketball) ,Jim White (basketball),James White (basketball),Small forward,Julius Erving,Jesus
List of songs written by Norman Whitfield ,Norman Whitfield,Norman Whitfield (footballer),Leicester,Anno Domini,Jesus
T Scorpii ,Epoch (astronomy),Astronomy,Astrology,Exorcism,Jesus
Park Seung-cheol ,Korean name,Names of Korea,Korea,1st millennium,Jesus
William H. Detrick Gymnasium ,"New Britain, Connecticut",City,List of urban areas by population,Toluca,Jesus
Joseph Plateau Awards 2005 ,2005 in film,List of years in film,1870s in film,History of film,Jesus
1923–24 Austrian football championship ,Austrian Football Bundesliga,Geography of association football,FIFA,Corruption,Jesus
"Simoda, West Virginia ",Unincorporated area,"Contra Costa Centre, California",List of sovereign states,Holy See,Jesus
Curtiss F9C Sparrowhawk ,USS Macon (ZRS-5),"Macon, Georgia","Macon County, Georgia",Marriage,Jesus
List of first women lawyers and judges in California ,California,Geographic coordinate system,Geodesy,Mesopotamia,Jesus
Oscillibacter valericigenes ,Taxonomy (biology),Taxidermy,Taxonomy (biology),Carl Linnaeus,Jesus
Wanna Get to Know You ,Single (music),Revolutions per minute,Minute,Computus,Jesus
Kulegh Kalam ,Geographic coordinate system,Template:Coord,Wikidata,English Wikipedia,Jesus
Munditia proavita ,Taxonomy (biology),Taxidermy,Taxonomy (biology),Carl Linnaeus,Jesus
Cecilia Venier ,Paros,Parikia,Paros,Byzantine Empire,Jesus
Blanchette Brunoy ,Paris,Capital city,"Washington, D.C.",Washington National Cathedral,Jesus
John D. Schneider ,Rita Heard Days,Missouri Senate,Upper house,Denmark,Jesus
1944 Memorial Cup ,Memorial Cup,2015 Memorial Cup,Quebec,George Washington,Jesus
Piano Sonata No. 2 (Shostakovich) ,Talk:Piano Sonata No. 2 (Shostakovich),Portal:Classical music,Wikipedia talk:WikiProject Portals/Tasks,Portal:Evangelical Christianity,Jesus
Casseta & Planeta ,Brazil,Geographic coordinate system,Geodesy,Mesopotamia,Jesus
Panskura (community development block) ,Geographic coordinate system,Template:Coord,Wikidata,English Wikipedia,Jesus
Phyllonotus globosus ,Taxonomy (biology),Taxidermy,Taxonomy (biology),Carl Linnaeus,Jesus
Nectin ,Membranome database,Membranome,International Standard Book Number,11 (number),Jesus
Artificial urinary sphincter ,Specialty (medicine),Talk:Specialty (medicine),Portal:Medicine,Religion,Jesus
Qmunity ,Community centre,Neighborhood association,United States,God,Jesus
Heteroponera dentinodis ,Taxonomy (biology),Taxidermy,Taxonomy (biology),Carl Linnaeus,Jesus
Marat Tsallagov ,Vladikavkaz,Geographic coordinate system,Geodesy,Mesopotamia,Jesus
Mimodacne rhodesiaca ,Taxonomy (biology),Taxidermy,Taxonomy (biology),Carl Linnaeus,Jesus
David Panter ,Bishop of Ross (Scotland),Bishop of Ross (Ireland),Cathedral Church of St. Fachtna,Christian denomination,Jesus
Smolny College ,Saint Petersburg,Listen to this article,Saint Petersburg,Saint Peter,Jesus
Palazzo Wedekind ,Piazza Colonna,Column of Marcus Aurelius,Marcus Aurelius,Tiberius,Jesus
Wieluń Land ,Polish language,About this sound,Polish language,Lithuania,Jesus
Kate Gordon Moore ,Forest Lawn Memorial Park (Glendale),Forest Lawn Memorial Park (Hollywood Hills),Pierce Brothers Westwood Village Memorial Park and Mortuary,The Story of Civilization,Jesus
Tae (Korean name) ,Hangul,Alphabet,Writing system,Indonesian language,Jesus
Bob Neal (Cleveland sportscaster) ,Cleveland Indians,2019 Cleveland Indians season,American League,Mike Matheny,Jesus
William Llewelyn Davies ,National Library of Wales,Sidney Greenslade,National Library of Wales,Annunciation,Jesus
David Campbell (athlete) ,"Halifax, Nova Scotia",Regional municipality,Local government,Turkey,Jesus
Fort of São João das Maias ,"Oeiras, Portugal",Municipalities of Portugal,Portugal,Christianity,Jesus
Intelligent control ,Control theory,Control (linguistics),Linguistics,Translation,Jesus
Nipsistiarios ,Greek language,Proto-Greek language,Indo-European languages,Chariot,Jesus
List of undisputed boxing champions ,Undisputed champion,Undisputed championship,Professional wrestling,Pantomime,Jesus
1997 IAAF Grand Prix Final ,Hakatanomori Athletic Stadium,Seating capacity,Indianapolis Motor Speedway,"Ontario, California",Jesus
R. Byron Pipes ,Rensselaer Polytechnic Institute,Private university,Private school,Judaism,Jesus
Katherine Peden ,"Hopkinsville, Kentucky","Hopkinsville, Ohio",Unincorporated area,Denmark,Jesus
Regent Shopping Centre ,Scotland,Flag of Scotland,Saltire,Saint Peter,Jesus
Endomysium ,Terminologia Histologica,Controlled vocabulary,Taxonomy (general),Ramon Llull,Jesus
First Rock Concert – Remembering Mohiner Ghoraguli ,Moheener Ghoraguli,Rabindra Sadan,Kolkata,Muslims,Jesus
Mannheim–Weinheim railway ,Hesse,Hermann Hesse,Calw,United Methodist Church,Jesus
Laroque-des-Arcs ,Bellefont-La Rauze,Communes of France,Paris Commune,Marxism and religion,Jesus
Siv Henriette Jacobsen ,Labour Party (Norway),Oslo,List of historical capitals of Norway,Denmark,Jesus
National Institute of Geophysics and Volcanology ,Italian language,Regional Italian,Italian language,San Marino,Jesus
Ikotos County ,Geographic coordinate system,Template:Coord,Wikidata,English Wikipedia,Jesus
Eloísa Gutiérrez ,Chuquisaca Department,Bolivia,Spanish language,Classical Latin,Jesus
802 ,IEEE 802,Local area network,Near-field communication,Star Wars,Jesus
Isa Günther ,Ballet,Edgar Degas,The Bellelli Family,Renaissance,Jesus
Traditional food ,National dish,Pilaf,Afghanistan,Muhammad,Jesus
Dominican Republic at the 1996 Summer Olympics ,Flag of the Dominican Republic,Flag of Dominica,Flag of the Dominican Republic,Bible,Jesus
The Laws of Inferno Dynamics ,Agents of S.H.I.E.L.D.,Agents of S.H.I.E.L.D. (comic book),Marvel Comics,Star Wars,Jesus
Rob Newton (footballer) ,Essendon Football Club,Essendon Association Football Club,Collingwood Football Club,Celebrity,Jesus
National Nuclear Safety Administration ,National Nuclear Security Administration,National Nuclear Safety Administration,National Nuclear Security Administration,Rick Perry,Jesus
Line 2 (Xuzhou Metro) ,Rapid transit,Urban rail transit,Rail transport,Denmark,Jesus
Sherlock (software) ,Apple Inc.,Geographic coordinate system,Geodesy,Mesopotamia,Jesus
Tallula watsoni ,Taxonomy (biology),Taxidermy,Taxonomy (biology),Carl Linnaeus,Jesus
Stanislav Vagaský ,Boxing,Royal Navy,United Kingdom,Irreligion in the United Kingdom,Jesus
"Fortunato de Felice, 2nd Count Panzutti ",Rome,Capital city,"Washington, D.C.",Washington National Cathedral,Jesus
Public Administration Campus ,Tribhuvan University,Geographic coordinate system,Geodesy,Mesopotamia,Jesus
Mark Murray (rugby league) ,Brisbane,Queensland,States and territories of Australia,Religion in Australia,Jesus
Daniel's Daughter ,Laura Leighton,"Iowa City, Iowa",City,Mesopotamia,Jesus
Loxomerus ,Taxonomy (biology),Taxidermy,Taxonomy (biology),Carl Linnaeus,Jesus
Animation Forum West Midlands ,Birmingham City University,University of Birmingham,University of Alabama at Birmingham,Georgetown University,Jesus
Petticoat Line ,Panel show,Carl Kasell,"Goldsboro, North Carolina",Marriage,Jesus
Boris Kornilov ,Russian language,Rusyn language,Russian language,Lithuania,Jesus
Helma Lodders ,Klundert,List of sovereign states,Lists of countries and territories,Religion,Jesus
Dash Pasak ,Geographic coordinate system,Template:Coord,Wikidata,English Wikipedia,Jesus
Vox Christi ,Jesus
Aleksandr Khvostunov ,Qarshi,Geographic coordinate system,Geodesy,Mesopotamia,Jesus
Kicunzo ,Communes of Angola,Angola,Portuguese language,Classical Latin,Jesus
John Markley ,Biochemist,Talk:Biochemist,Portal:Technology,Human condition,Jesus
Snyder station ,SEPTA,Delaware Valley,Metropolitan area,Turkey,Jesus
Serbian Despotate ,Coat of arms of Serbia,Armiger,Category:Heraldry,Attributed arms,Jesus
Ramón Búa Otero ,Spain,Geographic coordinate system,Geodesy,Mesopotamia,Jesus
Table squash ,Table tennis,Sports governing body,International Olympic Committee,Turkey,Jesus
Marie Huet ,Paris,Capital city,"Washington, D.C.",Washington National Cathedral,Jesus
Chesterville Brick House ,National Register of Historic Places,Canadian Register of Historic Places,English language,Gospel of Matthew,Jesus
Russell Henry Chittenden ,"New Haven, Connecticut","New Haven County, Connecticut","New Haven, Connecticut",George Washington,Jesus
2004 FIG Rhythmic Gymnastics World Cup Final ,Rhythmic Gymnastics World Cup,2020 FIG Rhythmic Gymnastics World Cup series,2020 Summer Olympics,Turkey,Jesus
Dungeons & Dragons retro-clones ,Fantasy,Fantasy literature,Fantasy Book,L. Ron Hubbard,Jesus
Billy Spittle ,Southfields,Greater London,Counties of England,List of cultural icons of England,Jesus
2009 J.League Cup ,J.League Cup,Kawasaki Frontale,2018 J1 League,Turkey,Jesus
Harshaw ,Henry B. Harshaw,Jeremiah McLain Rusk,United States Secretary of Agriculture,Jimmy Carter,Jesus
Nernst–Planck equation ,Walther Nernst,West Prussia,Prussia,Judaism,Jesus
Trust an Amateur ,Album,Phonograph record,Spiral,Golden ratio,Jesus
Hiroyuki Fujiwara ,Hokkaido,Prefectures of Japan,Unitary state,Lithuania,Jesus
Imperial Guard (Japan) ,Rising Sun Flag,Japan Maritime Self-Defense Force,Japan,Common Era,Jesus
Gormflaith ,Irish language,Ireland,Republic of Ireland,Protestantism,Jesus
"Shir Hesar, Miyan Velayat ",Geographic coordinate system,Template:Coord,Wikidata,English Wikipedia,Jesus
Tsebona ,Taxonomy (biology),Taxidermy,Taxonomy (biology),Carl Linnaeus,Jesus
1991 Texas Tech Red Raiders football team ,Texas Tech Red Raiders football,2019 Texas Tech Red Raiders football team,Spread offense,Drew Brees,Jesus
Stefan Hajdin ,"Glina, Croatia",List of cities and towns in Croatia,Croatia,Christianity,Jesus
Australian five-pound note ,Australian pound,Shilling,Currency,Mesopotamia,Jesus
Esteban Giambuzzi ,Defender (association football),Sport,Childhood,John Locke,Jesus
Ivan Svitlichny ,Kiev,City with special status,Administrative divisions of Ukraine,List of places named after people,Jesus
Stenoloba solaris ,Taxonomy (biology),Taxidermy,Taxonomy (biology),Carl Linnaeus,Jesus
No. 243 Squadron RAF ,Royal Air Force,Badge of the Royal Air Force,Heraldic badge,National coat of arms,Jesus
2007–08 Minnesota Golden Gophers men's ice hockey season ,Boston College Eagles,Boston College,Boston University,United Methodist Church,Jesus
Administrative divisions of Albania ,Albanian language,Albania,Flag of Albania,National coat of arms,Jesus
Montague (brigantine) ,"Halifax, Nova Scotia",Regional municipality,Local government,Turkey,Jesus
United Arab Emirates national rugby league team ,Rugby league,Sports governing body,International Olympic Committee,Turkey,Jesus
Pir Mangho ,Talk:Pir Mangho,Portal:Pakistan,Wikipedia talk:WikiProject Portals/Tasks,Portal:Evangelical Christianity,Jesus
"Hilaller, Göynük ",List of sovereign states,Lists of countries and territories,List of sovereign states,Holy See,Jesus
Battle of Milliken's Bend ,American Civil War,Battle of Gettysburg,Eastern Theater of the American Civil War,Origins of the American Civil War,Jesus
United Nations Security Council Resolution 1464 ,United Nations Security Council,China,Taiwan,Holy See,Jesus
International Commission of Inquiry on Darfur ,United Nations,Arabic,Varieties of Arabic,Mesopotamia,Jesus
1972 Missouri Southern Lions football team ,Missouri Southern Lions football,Missouri Southern Lions,"Joplin, Missouri",Bethlehem,Jesus
2007 NCAA Division I baseball season ,Rice Owls baseball,Rice University,Private university,Sogang University,Jesus
Stinear Island ,Antarctica,Demonym,Greek language,Greeks,Jesus
Shivaji Tupe ,Nashik,Metropolis,Metropolitan area,Turkey,Jesus
Tony Cogan ,Earned run average,Chicago White Sox,American League,Mike Matheny,Jesus
"Buchanan, Tuolumne County, California ",Unincorporated area,"Contra Costa Centre, California",List of sovereign states,Holy See,Jesus
628th Tank Battalion (United States) ,Battalion,Command hierarchy,War,Taiping Rebellion,Jesus
Joint Control Commission ,Russian language,Rusyn language,Russian language,Lithuania,Jesus
Louis Stedman-Bryce ,Member of the European Parliament,Parliamentary Assembly of the Council of Europe,European Parliament,Denmark,Jesus
Juan Armenteros ,Cuba,Geographic coordinate system,Geodesy,Mesopotamia,Jesus
Erbessa thiaucourti ,Taxonomy (biology),Taxidermy,Taxonomy (biology),Carl Linnaeus,Jesus
List of British women photographers ,Sarah Angelina Acland,Sarah Acland,University of Oxford,Psalm 27,Jesus
1965 U.S. National Championships – Women's Singles ,1965 U.S. National Championships (tennis),Grand Slam (tennis),Australian Open,Carols by Candlelight,Jesus
Onehunga Line ,AT Metro,Auckland Transport,List of legal entity types by country,Indonesian language,Jesus
Mueang Buriram District ,District,Settlement hierarchy,List of urban areas by population,Toluca,Jesus
Grand Hotel (Lviv) ,Baroque Revival architecture,Justizpalast (Munich),Munich,Reformation,Jesus
Janet Treasure ,Psychiatrist,Psychologist,Psychotherapy,Western culture,Jesus
Afsuran ,Geographic coordinate system,Template:Coord,Wikidata,English Wikipedia,Jesus
Karbi script ,Talk:Karbi script,User:Sarthe2k3,Featured content – the best of Wikipedia,List of Dewey Decimal classes,Jesus
Heterorachis diaphana ,Taxonomy (biology),Taxidermy,Taxonomy (biology),Carl Linnaeus,Jesus
Operation Coronado ,Mobile Riverine Force,River,Azerbaijan,Turkey,Jesus
Chamber of Deputies (Haiti) ,Lower house,Legislature,Unicameralism,Denmark,Jesus
Diastictis holguinalis ,Taxonomy (biology),Taxidermy,Taxonomy (biology),Carl Linnaeus,Jesus
List of exoplanets discovered in 2018 ,Minimum mass,Astronomy,Astrology,Exorcism,Jesus
Rechtabhra mac Dubbchomar ,Abbot,Abbot (Buddhism),Karnataka,Goa,Jesus
The Bacchoi ,The Bacchae,The Bacchae (film),Dionysus,Theophany,Jesus
Puthia Temple Complex ,Pancharatna (architecture),Puthia Temple Complex,Hindu temple,Krishna,Jesus
Battle of Monroe's Crossroads ,Campaign of the Carolinas,Southern theater of the American Revolutionary War,American Revolutionary War,George Washington,Jesus
Berthelming ,Communes of France,Paris Commune,France,Christians,Jesus
"St Helen's Church, Trowell ",Geographic coordinate system,Template:Coord,Wikidata,English Wikipedia,Jesus
Pevsner ,Antoine Pevsner,Talk:Antoine Pevsner,Portal:Biography,Jesus
Kinomichi ,Masamichi Noro,Aomori Prefecture,Japanese language,Islamic calligraphy,Jesus
Suilly-la-Tour ,Communes of France,Paris Commune,France,Christians,Jesus
Appe Teacher ,Devadas Kapikad,Mangalore,Bangalore,Mosque,Jesus
Ruth Bailey ,New York Central Railroad,Template:Infobox rail,Reporting mark,Turkey,Jesus
Noocracy ,Category:Politics,Library catalog,Sterling Memorial Library,Arabs,Jesus
"Waterboro, Maine ",New England town,Talk:New England town,Portal:Politics,Angel,Jesus
Bailrigg FM ,City of license,United States,Americas,World,Jesus
Qanbūs ,Lute,Lutes (surname),Franklin W. Lutes,Portal:Biography,Jesus
2014 Sydney Swans season ,Sydney Swans,Tom Papley,Collingwood Football Club,Celebrity,Jesus
Ong Teng Cheong ,President of Singapore,Malay language,Malayalam,Kerala,Jesus
Bat No. 2 Light Roadster ,Motorcycle engine,Honda Super Cub,Piper PA-18 Super Cub,Turkey,Jesus
Oenospila flavifusata ,Taxonomy (biology),Taxidermy,Taxonomy (biology),Carl Linnaeus,Jesus
Makefile ,Make (software),Programming paradigm,Logic programming,Ramon Llull,Jesus
North Atlantic Tracks ,Transatlantic flight,Aircraft,NASA,Jimmy Carter,Jesus
Dhadi (music) ,Dhadd,Damaru,Damaru (singer),Reggae,Jesus
Laura Mullen ,Los Angeles,Downtown Los Angeles,List of sovereign states,Holy See,Jesus
Slaughter alley ,Highway,Northern England,England,Anno Domini,Jesus
"Norm Oliver (footballer, born 1885) ","Norm Oliver (footballer, born 1922)","Norm Oliver (footballer, born 1885)","Brunswick, Victoria",Turkey,Jesus
South Dakota Highway 13 ,South Dakota,U.S. state,Commonwealth (U.S. state),John Adams,Jesus
No Line on the Horizon (song) ,Song,Singing,Music,Western culture,Jesus
Song Shiji ,Jilin,Jilin City,Administrative divisions of China,Xi Jinping,Jesus
"Temple Rodef Shalom (Falls Church, Virginia) ",List of religions and spiritual traditions,Major religious groups,The Major Religions,Religion,Jesus
Iridium acetylacetonate ,CAS Registry Number,Identifier,Ford Model T,Denmark,Jesus
Matthew Ramsden ,Sport of athletics,Athletics (physical culture),Competition,Celebrity,Jesus
Graphical timeline of the Big Bang ,Chronology of the universe,Cosmic microwave background,Physical cosmology,Priest,Jesus
Polaris (composition) ,Orchestra,Szczecin,"Ducal Castle, Szczecin",Mannerism,Jesus
Tabu filmography ,De De Pyaar De,Akiv Ali,New Delhi,Islam,Jesus
Melnsils ,Livonian language,Template:Lang,Language,Indonesian language,Jesus
Bodung ,Norway,Northern Sami language,Norway,Denmark,Jesus
"Warren, Tyler County, Texas ",Unincorporated area,"Contra Costa Centre, California",List of sovereign states,Holy See,Jesus
Producers Guild Film Award for Best Actress in a Supporting Role ,Producers Guild Film Awards,India,Flag of India,Sister Nivedita,Jesus
Alcohol abuse among college students ,Legal drinking age,Drinking in public,Beer,Haifa,Jesus
Bill Stovall ,Arkansas House of Representatives,Arkansas General Assembly,Arkansas State Capitol,John Prine,Jesus
Washington Roebling ,Talk:Washington Roebling,Portal:Engineering,Wikipedia talk:WikiProject Portals/Tasks,Portal:Evangelical Christianity,Jesus
Gerry Bussell ,Defensive back,Gridiron football,American football,Mason Crosby,Jesus
John J. Pinder Jr. ,"McKees Rocks, Pennsylvania",Borough (Pennsylvania),"Littlestown, Pennsylvania",Marriage,Jesus
Megachile dinognatha ,Taxonomy (biology),Taxidermy,Taxonomy (biology),Carl Linnaeus,Jesus
Fred Berry ,Fred Berry (ice hockey),Fred Berry,Forest Lawn Memorial Park (Hollywood Hills),Mosaic,Jesus
Yuichi ,Kanji,About this sound,Kanji,Manichaean alphabet,Jesus
Hans van der Louw ,Amsterdam,Capital of the Netherlands,Dam Square,Christmas,Jesus
Kim Joon-hyung (professor) ,Kim Joon-hyung,Kim Joon-hyung (professor),Korean name,Patronymic,Jesus
Popper's three worlds ,Reality,Object of the mind,Object (philosophy),Gautama Buddha,Jesus
List of non-marine molluscs of Iran ,Iran,Geographic coordinate system,Geodesy,Mesopotamia,Jesus
University of Pennsylvania School of Social Policy and Practice ,Private university,Private school,Government,Separation of church and state,Jesus
Oudenaarde Town Hall ,Dutch language,About this sound,Dutch language,Catholic Church,Jesus
Belkis Leal ,Caracas,Caracas (album),Album,Music of Serbia,Jesus
2014–15 ProA ,Cuxhaven BasCats,Cuxhaven,Germany,Christianity,Jesus
List of Confucianists ,Confucianism,Spring and Autumn period,Traditional Chinese characters,Manichaean alphabet,Jesus
Hermann Spieckermann ,Dortmund,Theater Dortmund,Dortmund,Turkey,Jesus
Albert Fonó ,Personal name,Given name,John F. Kennedy,Jordan River,Jesus
Quintus Novius ,Floruit,British English,United Kingdom,Irreligion in the United Kingdom,Jesus
David Octavius Hill ,Robert Adamson (photographer),Scotland,Flag of Scotland,National coat of arms,Jesus
Awdal ,Administrative divisions of Somalia,Somali language,Horn of Africa,Ethiopia,Jesus
Skoghall ,Geographic coordinate system,Template:Coord,Wikidata,English Wikipedia,Jesus
Susannah Meadows ,Americans,American (word),New World,World,Jesus
Cəyli ,Geographic coordinate system,Template:Coord,Wikidata,English Wikipedia,Jesus
Villa Mairea ,Alvar Aalto,Kuortane,Finland,Runestone,Jesus
SG Wattenscheid 09 ,Regionalliga West,North Rhine-Westphalia,States of Germany,Timeline of German history,Jesus
Jill Bilcock ,Melbourne,Melbourne City Centre,Melbourne,Christianity,Jesus
Kratzenburg ,Geographic coordinate system,Template:Coord,Wikidata,English Wikipedia,Jesus
Langbaurgh West ,Geographic coordinate system,Template:Coord,Wikidata,English Wikipedia,Jesus
Physical markup language ,Markup language,Listen to this article,Featured content – the best of Wikipedia,List of Dewey Decimal classes,Jesus
Karan Singh Patel ,Uttar Pradesh Legislative Assembly,Seventeenth Legislative Assembly of Uttar Pradesh,Samajwadi Party,List of political ideologies,Jesus
Internazionali Femminili di Brescia ,2019 Internazionali Femminili di Brescia,Tennis court,International Tennis Federation,Denmark,Jesus
Gumda ,Village development committee (Nepal),Gaunpalika,Nepal,Gautama Buddha,Jesus
R366 road (Ireland) ,County Roscommon,"Roscommon County, Michigan",County (United States),George Washington,Jesus
Wrocław County ,Powiat,Administrative divisions of Poland,Voivodeships of Poland,Lithuania,Jesus
The Chain Clinks ,Paul L. Stein,Vienna,Capital city,Constantinople,Jesus
Godwin Attram ,Accra,Accra Metropolitan District,Greater Accra Region,Christianity,Jesus
2013 PBA All-Star Weekend ,Davao del Sur,Provinces of the Philippines,Philippines,Anno Domini,Jesus
Joy Mining Machinery v NUMSA ,Labour law,Trade union,Labour Union (Poland),List of political ideologies,Jesus
SS Joseph Hewes ,Joseph Hewes,"Princeton, New Jersey","Princeton Township, New Jersey",Marriage,Jesus
Bulbophyllum caldericola ,Taxonomy (biology),Taxidermy,Taxonomy (biology),Carl Linnaeus,Jesus
Gaumee Film Award for Best Original Song ,Gaumee Film Awards,8th Gaumee Film Awards,Niuma Mohamed,Jinn,Jesus
Ocularia brunnea ,Taxonomy (biology),Taxidermy,Taxonomy (biology),Carl Linnaeus,Jesus
Honey Hill-Boyd's Neck Battlefield ,National Register of Historic Places,Canadian Register of Historic Places,English language,Gospel of Matthew,Jesus
Farhat Seemi ,Provincial Assembly of Sindh,Elections in Pakistan,Pakistan,Islam,Jesus
East Pakistan ,Flag of Pakistan,List of flag names,Nickname,Jimmy Carter,Jesus
Spain at the 1984 Summer Paralympics ,List of IOC country codes,International Olympic Committee,Talk:International Olympic Committee,User talk:Evanh2008,Jesus
Suillus cavipes ,Taxonomy (biology),Taxidermy,Taxonomy (biology),Carl Linnaeus,Jesus
Barcaldine Airport ,Barcaldine Region,Queensland,States and territories of Australia,Religion in Australia,Jesus
Lajarab ,Iran,Geographic coordinate system,Geodesy,Mesopotamia,Jesus
Bachiatari Bōryoku Ningen ,Black comedy,Black Humor (film),Guy de Maupassant,Algernon Charles Swinburne,Jesus
Ram Singh Sodho ,Sindhi language,Pakistan,Flag of Pakistan,Muslims,Jesus
Rudolf Eickemeyer ,Rudolf Eickemeyer Jr.,"Yonkers, New York",United States,God,Jesus
Judiciary of Uruguay ,Uruguay,Spanish language,Spain,Common Era,Jesus
1912–13 Prima Categoria ,Southern Italy,Southern Italy (European Parliament constituency),European Parliament constituency,Denmark,Jesus
Nemapogon arenbergeri ,Taxonomy (biology),Taxidermy,Taxonomy (biology),Carl Linnaeus,Jesus
Castle in Hagley Park ,Geographic coordinate system,Template:Coord,Wikidata,English Wikipedia,Jesus
Connor Kendall ,Midfielder,File:Boisko.svg,Midfielder,"Fernandinho (footballer, born May 1985)",Jesus
Norman Hackerman ,List of University of Texas at Austin presidents,History of the University of Texas at Austin,Texas,Christianity,Jesus
Alessandro Farnese (cardinal) ,Titian,"Self-Portrait (Titian, Madrid)",Museo del Prado,The Garden of Earthly Delights,Jesus
Jean de Tournes (1539–1615) ,Author,Writer,Composer,Turkey,Jesus
Genzo Kurita ,Akita Prefecture,Prefectures of Japan,Unitary state,Lithuania,Jesus
Lichfield Cathedral School ,Lichfield,Lichfield Cathedral,Christian denomination,Jesus
Jérémy Houzé ,Association football,Listen to this article,Featured content – the best of Wikipedia,List of Dewey Decimal classes,Jesus
Opinion polling for the 2012 Greek legislative elections ,May 2012 Greek legislative election,2009 Greek legislative election,Hellenic Parliament,Greeks,Jesus
Malvern Line ,Lineament,Line (geometry),Geometry,Mesopotamia,Jesus
Duside Hospital ,Firestone District,Districts of Liberia,Liberia,Christianity,Jesus
List of Lamar Cardinals basketball head coaches ,Lamar Cardinals and Lady Cardinals,Lamar University,Financial endowment,Muhammad,Jesus
Rod Pedraza ,Pitcher,Pitcher (container),Jesus
Losalini Raravuya Dovi ,Great Council of Chiefs,Fiji,Fijian language,Gilbertese language,Jesus
Gallery 37 ,Chicago,Listen to this article,Chicago,Bertel Thorvaldsen,Jesus
Gilbert Oluwatosin Jesse ,Celestial Church of Christ,Cotonou,Benin,Catholic Church,Jesus
Chris Sandford ,Croydon,London Borough of Croydon,Croydon,Constantine the Great,Jesus
Kismat Ka Dhani ,India,Flag of India,National flag,National coat of arms,Jesus
Liv Stubberud ,Rakkestad,List of municipalities of Norway,Monarchy of Norway,Denmark,Jesus
Constitutional Assembly of Latvia ,Category:History of Latvia,Portal:Latvia,Wikipedia talk:WikiProject Portals/Tasks,Portal:Evangelical Christianity,Jesus
Buninyong railway line ,Victorian Railways,Rail transport in Victoria,Victoria (Australia),Religion in Australia,Jesus
Niles Jordan ,Pitcher,Pitcher (container),Jesus
Muirne ,Fenian Cycle,Category:Celtic mythology,Narrative,Paradise Lost,Jesus
Sing and Dance with Frank Sinatra ,Album,Phonograph record,Spiral,Golden ratio,Jesus
Jean-Claude Duplessy ,Geochemistry,Science,History of science,Mosaic,Jesus
CAT-1 ,Cat 1 (album),Number sign,Numero sign,Indonesian language,Jesus
Ketevan ,Georgian language,Georgian scripts,Alphabet,Syriac alphabet,Jesus
Laugh Tracks (Knocked Loose album) ,Album,Phonograph record,Spiral,Golden ratio,Jesus
Simple Dreams ,Album,Phonograph record,Spiral,Golden ratio,Jesus
1081 Reseda ,List of minor planet discoverers,Astronomer,The Astronomer (Vermeer),The Allegory of Faith,Jesus
Willard B. Place House ,National Register of Historic Places,Canadian Register of Historic Places,English language,Gospel of Matthew,Jesus
Kavanad ,Geographic coordinate system,Template:Coord,Wikidata,English Wikipedia,Jesus
"Holy Archangel Mikhail Church, Riga ",Geographic coordinate system,Template:Coord,Wikidata,English Wikipedia,Jesus
Halocarban ,Halocarbon,Carbon,Graphite,Turkey,Jesus
Smoliari ,Soundtrack album,Album,Phonograph record,The Beatles,Jesus
zbCOMMA ,Singapore,Singapura cat,Singapore,Fort Canning Hill,Jesus
It's My Life (Amy Diamond song) ,Single (music),Revolutions per minute,Minute,Computus,Jesus
Hombal ,Geographic coordinate system,Template:Coord,Wikidata,English Wikipedia,Jesus
"Cactus Flat, South Dakota ",Unincorporated area,"Contra Costa Centre, California",List of sovereign states,Holy See,Jesus
"Lgota, Silesian Voivodeship ",Poland,Polska (dance),Swedish language,Denmark,Jesus
1754 in art ,Table of years in art,Art,The arts,History of art,Jesus
Francisco Solís ,Catholic Church,Jesus
Prince of Persia (1989 video game) ,Prince of Persia (2008 video game),Prince of Persia (1989 video game),Master System,Boxing Day,Jesus
ZFP91-CNTF ,Gene nomenclature,Nomenclature,Communication,Nous,Jesus
Jan Magne Skanke ,Norway,Northern Sami language,Norway,Denmark,Jesus
Unilever Ghana ,List of legal entity types by country,Template:Lang,Language,Indonesian language,Jesus
KMPT ,City of license,United States,Americas,World,Jesus
Pruitt Taylor Vince ,"Baton Rouge, Louisiana",Consolidated city-county,Political divisions of the United States,Public holidays in the United States,Jesus
Great Russia ,Great Russia (political party),Talk:Great Russia (political party),Portal:Politics,Angel,Jesus
Cypress Ridge Golf Course ,"Arroyo Grande, California",Arroyo Grande Valley AVA,List of wine-producing regions,Wine,Jesus
Spouse ,Marriage,Jesus
The Cropredy Box ,Album,Phonograph record,Spiral,Golden ratio,Jesus
Eric Pleasants ,Nazi Germany,Das Dritte Reich,Nazi Germany,Catholic Church,Jesus
The Devils (play) ,Peter Hall (director),Order of the British Empire,Monarchy of the United Kingdom,Order of the Thistle,Jesus
Brant (goose) ,West Sussex,West Sussex (UK Parliament constituency),Sussex,Baptism,Jesus
Wayne Briggs ,Christchurch,CHCH-DT,New Zealand,Missionary,Jesus
Jazbeh ,Iran,Geographic coordinate system,Geodesy,Mesopotamia,Jesus
Salvator Gotta ,University of Turin,Seal (emblem),Relief,Nineveh,Jesus
David Lewis (British MP) ,Wales,Welsh language,Chubut Province,Missionary,Jesus
Agnam Lidoubé ,Geographic coordinate system,Template:Coord,Wikidata,English Wikipedia,Jesus
Albert L. Nash ,"Millbury, Massachusetts",New England town,Talk:New England town,User talk:Student7,Jesus
Nayan Chanda ,India,Flag of India,National flag,National coat of arms,Jesus
KLEY-FM ,KLEY (AM),"Jourdanton, Texas",City,Mesopotamia,Jesus
"Liberal Catholic Church, Province of the United States of America ",Liberal Catholic Church,Liberal Catholicism,Liberal Catholic Church,Christianity,Jesus
Jazz Magazine ,France,French language,France,Christians,Jesus
Halszka Wasilewska (soldier) ,London,Greater London,Counties of England,List of cultural icons of England,Jesus
Yarwil ,Lysaker,Norway,Flag of Norway,Christianity,Jesus
One Theater Square ,"Newark, New Jersey",City (New Jersey),City,Mesopotamia,Jesus
Mitromorpha multigranosa ,Taxonomy (biology),Taxidermy,Taxonomy (biology),Carl Linnaeus,Jesus
Air Warrior III ,Video game developer,Video game industry,Game design,Devil,Jesus
GE U17C ,Syria,Geographic coordinate system,Geodesy,Mesopotamia,Jesus
Freezing Water Number 7 ,Vanier Park,Flag of Vancouver,Vancouver,Greeks,Jesus
Crova ,Comune,Comunes Collective,Commons,John Locke,Jesus
"Chendar, Khuzestan ",Geographic coordinate system,Template:Coord,Wikidata,English Wikipedia,Jesus
Mark Crispin Miller ,New York University,List of Elfen Lied characters,Elfen Lied,Human condition,Jesus
Marshall-University High School ,Minneapolis Public Schools,Minnesota,U.S. state,Public holidays in the United States,Jesus
The Phantom Baron ,Serge de Poligny,Screenwriter,Screenplay,Utopia,Jesus
Holding the Baby (American TV series) ,Sitcom,Sitcom (film),Surrealism,Expressionism,Jesus
Joseph A. Goulden ,New York (state),U.S. state,Commonwealth (U.S. state),John Adams,Jesus
Praveen Thakur ,Cricket,Cricket (insect),Cricket,Julian calendar,Jesus
1637 ,Millennium,Year,Position of the Sun,Spring (season),Jesus
1975 NCAA Men's Water Polo Championship ,Gary Figueroa,"Phoenix, Arizona",List of capitals in the United States,George Washington,Jesus
Gold: Greatest Hits (video) ,Music video,Short film,Feature film,From the Manger to the Cross,Jesus
Howard Ahmanson Jr. ,Occidental College,Talk:Occidental College,Occidental College,Real Genius,Jesus
1956–57 Beşiktaş J.K. season ,Turkey,Jesus
Saint Anthony's Catholic High School ,Ilesa,Nigeria,Niger,Islam,Jesus
Sonnet 108 ,Sonnet 107,Sonnet 106,Sonnet 105,Trinity,Jesus
The Foghorn Leghorn ,Foghorn Leghorn,The Foghorn Leghorn,Foghorn Leghorn,Daws Butler,Jesus
Russian occupation of Tabriz ,Template:Campaignbox Persian Constitutional Revolution,Template talk:Campaignbox Persian Constitutional Revolution,Portal:Iran,Turkey,Jesus
Lady Day at Emerson's Bar and Grill ,Billie Holiday,Billie Holiday (album),Album,Music of Serbia,Jesus
Ashraf Abouelhassan ,Egypt,Geographic coordinate system,Geodesy,Mesopotamia,Jesus
Hypsotropa heterocerella ,Taxonomy (biology),Taxidermy,Taxonomy (biology),Carl Linnaeus,Jesus
Tuttlingen station ,Deutsche Bahn,List of legal entity types by country,Management,Ronald Fisher,Jesus
Automobiles Julien ,France,French language,France,Christians,Jesus
Zugurma Game Reserve ,Kainji National Park,National park,Conservation (ethic),Romanticism,Jesus
Rockall Basin ,Scotland,Flag of Scotland,Saltire,Saint Peter,Jesus
"Abbey Green, Staffordshire ",Staffordshire,Counties of England,County,Denmark,Jesus
TUI fly Netherlands ,Amsterdam Airport Schiphol,Schiphol Airport railway station,Netherlands,Christianity,Jesus
Cycnidolon phormesioides ,Taxonomy (biology),Taxidermy,Taxonomy (biology),Carl Linnaeus,Jesus
20 Classics of the 80's ,Compilation album,Performing arts,Performance art,Antithesis,Jesus
Kiera Aitken ,Bermuda,British Overseas Territories,Flag of the United Kingdom,Saint David,Jesus
Miles Away (Madonna song) ,Single (music),Revolutions per minute,Minute,Computus,Jesus
Jo Lamble ,Talk:Jo Lamble,Portal:Biography,Jesus
